date,Model,Fold,Stock_Count,Gross_Return,Trading_Cost,Net_Return,Mean_Probability,Net_Equity,Running_Max_Equity,Drawdown
2021-04-28,Logistic Regression,1,5,-0.1386151414185622,0.006,-0.14461514141856222,0.5984639536025954,0.8553848585814378,0.8553848585814378,0.0
2021-05-06,Logistic Regression,1,5,-0.11533094205635426,0.006,-0.12133094205635427,0.6404412449117103,0.7516002078690105,0.8553848585814378,-0.12133094205635431
2021-05-13,Logistic Regression,1,5,-0.0032178368942487713,0.006,-0.009217836894248772,0.7112581247324519,0.7446720797431905,0.8553848585814378,-0.12943037011650205
2021-05-20,Logistic Regression,1,5,0.1543207992789961,0.006,0.1483207992789961,0.6607601498849324,0.8551224378114528,0.8553848585814378,-0.0003067867841618499
2021-05-27,Logistic Regression,1,5,0.02736469050396013,0.006,0.02136469050396013,0.630505146948274,0.8733918640382864,0.8733918640382864,0.0
2021-06-03,Logistic Regression,1,5,0.006751833072287971,0.006,0.0007518330722879711,0.6748624867817877,0.8740485089267376,0.8740485089267376,0.0
2021-06-10,Logistic Regression,1,5,0.025593288200690244,0.006,0.019593288200690243,0.6493670673900916,0.8911739932635226,0.8911739932635226,0.0
2021-06-18,Logistic Regression,1,5,0.050267845854331486,0.006,0.04426784585433149,0.617639524286649,0.9306243462267013,0.9306243462267013,0.0
2021-06-25,Logistic Regression,1,5,0.007890246437390714,0.006,0.0018902464373907139,0.5979507103019917,0.9323834555817053,0.9323834555817053,0.0
2021-07-02,Logistic Regression,1,5,0.07207006124723261,0.006,0.06607006124723261,0.5722370994107226,0.9939860875978951,0.9939860875978951,0.0
2021-07-09,Logistic Regression,1,5,0.025108811158284384,0.006,0.019108811158284382,0.5520629125114042,1.0129799800397652,1.0129799800397652,0.0
2021-07-16,Logistic Regression,1,5,0.017460571685715888,0.006,0.011460571685715888,0.5673221788737318,1.024589309717206,1.024589309717206,0.0
2021-07-23,Logistic Regression,1,5,-0.04288227471416299,0.006,-0.04888227471416299,0.592279813177271,0.9745050536104151,1.024589309717206,-0.048882274714162954
2021-07-30,Logistic Regression,1,5,0.05797893687514697,0.006,0.05197893687514697,0.6071932303490856,1.0251587902765424,1.0251587902765424,0.0
2021-08-06,Logistic Regression,1,5,-0.08729920419798091,0.006,-0.09329920419798092,0.6127304471014914,0.9295122909671762,1.0251587902765424,-0.09329920419798088
2021-08-13,Logistic Regression,1,5,-0.05059025895431042,0.006,-0.05659025895431042,0.6595480913197046,0.8769109497201294,1.0251587902765424,-0.14460963702649654
2021-08-20,Logistic Regression,1,5,0.07308690602635695,0.006,0.06708690602635695,0.6140206899058966,0.9357401921974872,1.0251587902765424,-0.0872241441298417
2021-08-27,Logistic Regression,1,5,0.021507123721726962,0.006,0.015507123721726962,0.5907994675633483,0.9502508311292862,1.0251587902765424,-0.07306961600265782
2021-09-03,Logistic Regression,1,5,-0.03455384200481841,0.006,-0.04055384200481841,0.6306017706835202,0.9117145090587218,1.0251587902765424,-0.11066020434475177
2021-09-10,Logistic Regression,1,5,-0.015716728850700988,0.006,-0.021716728850700986,0.6300883412983429,0.8919150522762436,1.0251587902765424,-0.1299737555431345
2021-09-17,Logistic Regression,1,5,-0.009251661162773983,0.006,-0.015251661162773983,0.6211001178124889,0.8783118661129484,1.0251587902765424,-0.14324310102631144
2021-09-28,Logistic Regression,1,5,-0.06800229190419445,0.006,-0.07400229190419445,0.616774346256976,0.8133147750139402,1.0251587902765424,-0.20664507515509478
2021-10-05,Logistic Regression,1,5,-0.026942587704625542,0.006,-0.03294258770462554,0.6604236794418312,0.7865220817065757,1.0251587902765424,-0.23278023934769476
2021-10-13,Logistic Regression,1,5,0.11249308443817685,0.006,0.10649308443817684,0.6740817672221389,0.8702812441662446,1.0251587902765424,-0.15107664059391102
2021-10-20,Logistic Regression,1,5,0.05150192484090379,0.006,0.04550192484090379,0.610546956443506,0.9098807159287454,1.0251587902765424,-0.11244899369852757
2021-10-27,Logistic Regression,1,5,0.0029601520522610112,0.006,-0.003039847947738989,0.6131261982136363,0.9071148169017421,1.0251587902765424,-0.11514701380354675
2021-11-03,Logistic Regression,1,5,0.006396881259221087,0.006,0.0003968812592210873,0.6018808033522859,0.9074748337725321,1.0251587902765424,-0.11479583223615963
2021-11-10,Logistic Regression,1,5,0.03845307614644071,0.006,0.03245307614644071,0.6309900248909907,0.9369251836539308,1.0251587902765424,-0.08606823397457297
2021-11-17,Logistic Regression,1,5,0.005531260368009638,0.006,-0.0004687396319903621,0.5828379354814083,0.9364860096881424,1.0251587902765424,-0.0864966300142439
2021-11-24,Logistic Regression,1,5,-0.0023390592429712196,0.006,-0.008339059242971219,0.6037636149458617,0.9286765973731393,1.0251587902765424,-0.09411438873520894
2021-12-01,Logistic Regression,1,5,0.010999232934532022,0.006,0.004999232934532022,0.5801628488389016,0.9333192680042564,1.0251587902765424,-0.08958565555245535
2021-12-08,Logistic Regression,1,5,-0.014397471211334412,0.006,-0.020397471211334412,0.5973060242239434,0.9142819151041558,1.0251587902765424,-0.10815580593370999
2021-12-15,Logistic Regression,1,5,0.013059968952152733,0.006,0.007059968952152733,0.5900598872811614,0.9207367170383058,1.0251587902765424,-0.10185941361344442
2021-12-22,Logistic Regression,1,5,0.04053920651674359,0.006,0.03453920651674359,0.5621909560701915,0.9525382326556404,1.0251587902765424,-0.07083835041916986
2021-12-29,Logistic Regression,1,5,-0.04938338020091233,0.006,-0.05538338020091233,0.5635955498687946,0.899783445560568,1.0251587902765424,-0.12229846332601191
2022-01-06,Logistic Regression,1,5,-0.05772013320932867,0.006,-0.06372013320932868,0.5740381698780778,0.8424491245498998,1.0251587902765424,-0.17822572216091093
2022-01-13,Logistic Regression,1,5,0.01696198434499987,0.006,0.010961984344999868,0.6179551796583131,0.8516840386646748,1.0251587902765424,-0.16921744539211514
2022-01-20,Logistic Regression,1,5,-0.017558839191086563,0.006,-0.02355883919108656,0.5689840014013002,0.8316193513561585,1.0251587902765424,-0.18878971799888244
2022-02-07,Logistic Regression,1,5,0.008003333360709774,0.006,0.002003333360709774,0.6097827193860338,0.833285362146142,1.0251587902765424,-0.18716459337839897
2022-02-14,Logistic Regression,1,5,0.0014725727588826177,0.006,-0.004527427241117383,0.5876036044914079,0.8295127232979371,1.0251587902765424,-0.1908446465408824
2022-02-21,Logistic Regression,1,5,-0.006204686695150241,0.006,-0.012204686695150242,0.634708083206254,0.8193887804004449,1.0251587902765424,-0.20072013411755452
2022-03-01,Logistic Regression,1,5,-0.03921278372227446,0.006,-0.045212783722274455,0.5984888033751,0.7823419326877414,1.0251587902765424,-0.236857801827266
2022-03-08,Logistic Regression,1,5,-0.05124503348140945,0.006,-0.05724503348140945,0.7083595447234659,0.7375567425571211,1.0251587902765424,-0.28054390251274053
2022-03-15,Logistic Regression,1,5,0.10803647563176559,0.006,0.10203647563176559,0.7424865918645945,0.8128144331460951,1.0251587902765424,-0.20713313795335664
2022-03-22,Logistic Regression,1,5,0.02492310155953914,0.006,0.018923101559539142,0.5962325732908091,0.828195403213578,1.0251587902765424,-0.19212963779965486
2022-03-29,Logistic Regression,1,5,-0.045684383215205446,0.006,-0.051684383215205444,0.6078573475662832,0.7853906346168159,1.0251587902765424,-0.23388391918782425
2022-04-07,Logistic Regression,1,5,-0.041257313981346154,0.006,-0.04725731398134615,0.6850918190961306,0.7482751827987203,1.0251587902765424,-0.2700885073649236
2022-04-14,Logistic Regression,1,5,-0.028944577978641715,0.006,-0.034944577978641714,0.6692129620631638,0.722127022323928,1.0251587902765424,-0.2955949564368169
2022-04-21,Logistic Regression,1,5,-0.06615893497806127,0.006,-0.07215893497806128,0.6213321607520202,0.6700191054741547,1.0251587902765424,-0.34642407417351107
2022-04-28,Logistic Regression,1,5,0.030659357833051803,0.006,0.0246593578330518,0.6760980854081382,0.6865413463510232,1.0251587902765424,-0.3303073115474875
2022-05-06,Logistic Regression,1,5,0.01252481703375532,0.006,0.00652481703375532,0.6726723861646308,0.6910209030220716,1.0251587902765424,-0.32593768928649114
2022-05-13,Logistic Regression,1,5,0.03627025664281489,0.006,0.030270256642814894,0.6877822822240299,0.7119382831020994,1.0251587902765424,-0.3055336501479444
2022-05-16,Logistic Regression,2,5,0.10249364236670173,0.006,0.09649364236670173,0.6428656964142476,0.7806358011789171,1.0251587902765424,-0.2385220625496114
2022-05-23,Logistic Regression,2,5,-0.003680054655263465,0.006,-0.009680054655263465,0.6260948365295838,0.7730792039576497,1.0251587902765424,-0.24589321060290847
2022-05-30,Logistic Regression,2,5,0.05145321757624446,0.006,0.04545321757624446,0.5936033372560776,0.8082181412188068,1.0251587902765424,-0.21161663062871916
2022-06-07,Logistic Regression,2,5,-0.07678529879866094,0.006,-0.08278529879866095,0.59398328818748,0.7413095609035095,1.0251587902765424,-0.2768831834300157
2022-06-14,Logistic Regression,2,5,-0.03410865231136877,0.006,-0.040108652311368766,0.5937306615736503,0.7115766334701372,1.0251587902765424,-0.3058864244063251
2022-06-21,Logistic Regression,2,5,0.0014312874699300648,0.006,-0.004568712530069935,0.6082757871305876,0.7083256443886972,1.0251587902765424,-0.3090576297964316
2022-06-28,Logistic Regression,2,5,-0.1195486774862606,0.006,-0.12554867748626058,0.6640273544694336,0.6193962965060928,1.0251587902765424,-0.3958045305947119
2022-07-05,Logistic Regression,2,5,-0.08461875770004994,0.006,-0.09061875770004994,0.7288102913641703,0.563267373592699,1.0251587902765424,-0.4505559734402176
2022-07-12,Logistic Regression,2,5,0.09864429795724408,0.006,0.09264429795724408,0.7958230762699189,0.6154508839814153,1.0251587902765424,-0.3996531173327852
2022-07-19,Logistic Regression,2,5,0.03633931058446509,0.006,0.03033931058446509,0.690435928610782,0.6341232395000111,1.0251587902765424,-0.3814390068011291
2022-07-26,Logistic Regression,2,5,-0.0014712238758455508,0.006,-0.007471223875845551,0.6829827335891134,0.6293855628128302,1.0251587902765424,-0.3860604144621831
2022-08-02,Logistic Regression,2,5,0.0056047585141683065,0.006,-0.0003952414858316936,0.6725129912042528,0.6291368035278231,1.0251587902765424,-0.38630306885618193
2022-08-09,Logistic Regression,2,5,0.05148516516148607,0.006,0.04548516516148607,0.6627201640604239,0.6577531949454555,1.0251587902765424,-0.3583889625840083
2022-08-16,Logistic Regression,2,5,0.015837078952166416,0.006,0.009837078952166416,0.6276895738995355,0.6642235650551737,1.0251587902765424,-0.3520773841523658
2022-08-23,Logistic Regression,2,5,0.010872558857327741,0.006,0.004872558857327741,0.6255664973468499,0.667460033470329,1.0251587902765424,-0.3489203430716544
2022-08-30,Logistic Regression,2,5,-0.0763147251020377,0.006,-0.0823147251020377,0.5776634681077305,0.612518244298622,1.0251587902765424,-0.4025137860512402
2022-09-06,Logistic Regression,2,5,-0.019738338336855055,0.006,-0.025738338336855057,0.6338453399359382,0.5967530424893677,1.0251587902765424,-0.41789208837745995
2022-09-14,Logistic Regression,2,5,-0.021023683423469254,0.006,-0.027023683423469252,0.6013714525013547,0.5806265771871428,1.0251587902765424,-0.43362278829944434
2022-09-21,Logistic Regression,2,5,-0.1197574516890629,0.006,-0.1257574516890629,0.5888530141083871,0.5076084584571448,1.0251587902765424,-0.504848943137663
2022-09-28,Logistic Regression,2,5,0.07352143995594665,0.006,0.06752143995594664,0.6871352070308033,0.5418829125059895,1.0251587902765424,-0.4714156307826093
2022-10-05,Logistic Regression,2,5,-0.1230176039775539,0.006,-0.1290176039775539,0.6512669632352719,0.4719704774980883,1.0251587902765424,-0.5396123195990237
2022-10-13,Logistic Regression,2,5,-0.007219647783597094,0.006,-0.013219647783597094,0.7779304828528943,0.4657311940213074,1.0251587902765424,-0.5456984825778319
2022-10-20,Logistic Regression,2,5,0.003658080281776477,0.006,-0.0023419197182235232,0.7191128832280779,0.46464048895463717,1.0251587902765424,-0.5467624202595017
2022-10-27,Logistic Regression,2,5,0.01705223197726171,0.006,0.01105223197726171,0.7061011783491178,0.46977580342459213,1.0251587902765424,-0.5417531333873971
2022-11-03,Logistic Regression,2,5,0.013303794495614696,0.006,0.007303794495614696,0.6504458663545106,0.4732069493518176,1.0251587902765424,-0.5384061924453993
2022-11-10,Logistic Regression,2,5,0.06046945953664538,0.006,0.05446945953664538,0.6914940624502361,0.4989822761319958,1.0251587902765424,-0.5132634272224379
2022-11-17,Logistic Regression,2,5,0.02574308645346619,0.006,0.019743086453466188,0.6258350859338362,0.5088337263484172,1.0251587902765424,-0.5036537449860267
2022-11-24,Logistic Regression,2,5,0.08245802072168376,0.006,0.07645802072168376,0.5996790492584927,0.5477381459414561,1.0251587902765424,-0.4657040927350381
2022-12-01,Logistic Regression,2,5,0.0047313019406201254,0.006,-0.0012686980593798747,0.5939397816792753,0.5470432316186519,1.0251587902765424,-0.4663819529157197
2022-12-08,Logistic Regression,2,5,-0.004508560736788292,0.006,-0.010508560736788292,0.5677033484718221,0.5412945945935383,1.0251587902765424,-0.47198951057375116
2022-12-15,Logistic Regression,2,5,-0.05296743260487504,0.006,-0.05896743260487504,0.5480066618209564,0.5093758420674607,1.0251587902765424,-0.5031249335236606
2022-12-22,Logistic Regression,2,5,-0.05575655696067385,0.006,-0.06175655696067385,0.5707899102338976,0.4779185438624303,1.0251587902765424,-0.5338102268688453
2022-12-29,Logistic Regression,2,5,0.030190665688917907,0.006,0.02419066568891791,0.5724114168691469,0.4894797115835408,1.0251587902765424,-0.5225327859194371
2023-01-06,Logistic Regression,2,5,0.030507028758908872,0.006,0.024507028758908873,0.559713288294021,0.5014754049522211,1.0251587902765424,-0.5108314831725286
2023-01-13,Logistic Regression,2,5,0.10537117662207059,0.006,0.09937117662207058,0.5337915678127668,0.5513076059893527,1.0251587902765424,-0.46222223208890956
2023-02-01,Logistic Regression,2,5,0.0011053009692967742,0.006,-0.004894699030703226,0.5398098605761128,0.5486091211846973,1.0251587902765424,-0.46485449240823773
2023-02-08,Logistic Regression,2,5,-0.01759177805503285,0.006,-0.023591778055032847,0.5348388489547835,0.5356664565587412,1.0251587902765424,-0.4774795264504905
2023-02-15,Logistic Regression,2,5,-0.009161330173623815,0.006,-0.015161330173623816,0.538160191230137,0.5275450405479191,1.0251587902765424,-0.4854016318724529
2023-02-22,Logistic Regression,2,5,0.0050415721530475245,0.006,-0.0009584278469524756,0.5795057907866521,0.5270394266905363,1.0251587902765424,-0.4858948372784626
2023-03-03,Logistic Regression,2,5,-0.013648068022708171,0.006,-0.019648068022708173,0.5488652999627007,0.5166841201842716,1.0251587902765424,-0.4959960104864408
2023-03-10,Logistic Regression,2,5,-0.017401946759642108,0.006,-0.023401946759642106,0.5496832367153915,0.5045927059121668,1.0251587902765424,-0.5077906850156843
2023-03-17,Logistic Regression,2,5,0.040417782556282235,0.006,0.034417782556282236,0.5352937990372053,0.5219596679437377,1.0251587902765424,-0.4908499318403775
2023-03-24,Logistic Regression,2,5,-0.004192149769928632,0.006,-0.010192149769928632,0.547065959741661,0.5166397768341929,1.0251587902765424,-0.49603926559042977
2023-03-31,Logistic Regression,2,5,0.006724771844874166,0.006,0.0007247718448741662,0.5256668436230688,0.5170142227983844,1.0251587902765424,-0.49567400903920766
2023-04-12,Logistic Regression,2,5,-0.011235391851709742,0.006,-0.01723539185170974,0.5224012929606614,0.5081032800755471,1.0251587902765424,-0.5043662651144187
2023-04-19,Logistic Regression,2,5,-0.10838388540390516,0.006,-0.11438388540390516,0.5432147929766844,0.4499844527140373,1.0251587902765424,-0.5610587774478806
2023-04-26,Logistic Regression,2,5,0.07456221947391439,0.006,0.06856221947391439,0.5532582010545098,0.4808363855208664,1.0251587902765424,-0.5309639930111139
2023-05-04,Logistic Regression,2,5,-0.05775700217611508,0.006,-0.06375700217611509,0.596610209594779,0.45017969904285715,1.0251587902765424,-0.5608683227293807
2023-05-11,Logistic Regression,2,5,0.09376391041042023,0.006,0.08776391041042023,0.6134810391158505,0.4896892298182444,1.0251587902765424,-0.5223284095470244
2023-05-18,Logistic Regression,2,5,0.07471551745010582,0.006,0.06871551745010582,0.5796063565635186,0.5233384786349489,1.0251587902765424,-0.4895049590378332
2023-05-25,Logistic Regression,2,5,0.08375704478254312,0.006,0.07775704478254311,0.5685209324502015,0.5640317321545946,1.0251587902765424,-0.4498103732764719
2023-06-01,Logistic Regression,2,5,-0.006821546158541736,0.006,-0.012821546158541735,0.5423802627120626,0.5567999732658923,1.0251587902765424,-0.45686465497145834
2023-06-02,Logistic Regression,3,5,-0.01655656687252849,0.006,-0.022556566872528487,0.5354751250535439,0.544240477434298,1.0251587902765424,-0.4691159237024285
2023-06-09,Logistic Regression,3,5,-0.03026254803873112,0.006,-0.03626254803873112,0.5516746768682523,0.5245049309767149,1.0251587902765424,-0.4883671330221665
2023-06-16,Logistic Regression,3,5,-0.019345171569735743,0.006,-0.025345171569735744,0.5330038053802627,0.5112112635119377,1.0251587902765424,-0.5013345558164355
2023-06-27,Logistic Regression,3,5,0.07960122777070784,0.006,0.07360122777070784,0.559375027974009,0.5488370401566312,1.0251587902765424,-0.4646321668776998
2023-07-04,Logistic Regression,3,5,-0.039391849460174044,0.006,-0.04539184946017404,0.5314517658283688,0.5239243118516739,1.0251587902765424,-0.4889335029646068
2023-07-11,Logistic Regression,3,5,0.08918912879036789,0.006,0.08318912879036788,0.5432155302179187,0.5675091189067076,1.0251587902765424,-0.4464183263222873
2023-07-18,Logistic Regression,3,5,0.07059970791022149,0.006,0.06459970791022149,0.5332636167045037,0.604170042224468,1.0251587902765424,-0.4106571118982556
2023-07-25,Logistic Regression,3,5,-0.0008952462176304409,0.006,-0.006895246217630441,0.5669702798928669,0.6000041410260141,1.0251587902765424,-0.4147207762183266
2023-08-01,Logistic Regression,3,5,-0.029095636077163877,0.006,-0.03509563607716388,0.5871654491949547,0.5789466140477737,1.0251587902765424,-0.4352615228596932
2023-08-09,Logistic Regression,3,5,-0.04476090519551519,0.006,-0.05076090519551519,0.5947463405371091,0.5495587598588301,1.0251587902765424,-0.46392815915807206
2023-08-16,Logistic Regression,3,5,0.05430047274650569,0.006,0.048300472746505695,0.5935095902114067,0.576102707761995,1.0251587902765424,-0.43803563581931726
2023-08-23,Logistic Regression,3,5,0.023530909814680666,0.006,0.017530909814680667,0.62793893484611,0.5862023123757639,1.0251587902765424,-0.4281838892318014
2023-08-30,Logistic Regression,3,5,0.011451990849264404,0.006,0.005451990849264404,0.6095504228577372,0.5893982820186543,1.0251587902765424,-0.4250663530284311
2023-09-06,Logistic Regression,3,5,-0.019498693956811964,0.006,-0.025498693956811966,0.5809428727834672,0.5743693956067899,1.0251587902765424,-0.43972641013803293
2023-09-13,Logistic Regression,3,5,0.03150462109139103,0.006,0.025504621091391032,0.5981443117630775,0.5890184694082323,1.0251587902765424,-0.42543684452109
2023-09-20,Logistic Regression,3,5,0.05141988852747139,0.006,0.04541988852747139,0.5967910684156668,0.6157716226293761,1.0251587902765424,-0.3993402500472456
2023-09-27,Logistic Regression,3,5,0.04059442144186605,0.006,0.03459442144186605,0.5852466245506983,0.6370738856545585,1.0251587902765424,-0.37856077351421413
2023-10-05,Logistic Regression,3,5,0.011519655204596769,0.006,0.005519655204596768,0.5979616505326494,0.6405903138432244,1.0251587902765424,-0.3751306432534013
2023-10-16,Logistic Regression,3,5,-0.023660188152776616,0.006,-0.029660188152776615,0.5775643275110013,0.6215902846057881,1.0251587902765424,-0.39366438594540987
2023-10-23,Logistic Regression,3,5,0.028071842686507066,0.006,0.022071842686507068,0.5878345474422112,0.6353099275830681,1.0251587902765424,-0.38028144165677036
2023-10-30,Logistic Regression,3,5,0.05124267225591157,0.006,0.045242672255911574,0.6038540384423732,0.6640530464176359,1.0251587902765424,-0.3522437180307416
2023-11-06,Logistic Regression,3,5,0.00380127818843643,0.006,-0.00219872181156357,0.5682393650734602,0.6625929785004422,1.0251587902765424,-0.35366795389648475
2023-11-13,Logistic Regression,3,5,0.0244295930395932,0.006,0.018429593039593198,0.5850433592783808,0.6748042974450973,1.0251587902765424,-0.3417563173183493
2023-11-20,Logistic Regression,3,5,-0.029582966261766597,0.006,-0.035582966261766595,0.5594916367007698,0.6507927588958132,1.0251587902765424,-0.3651785800712315
2023-11-27,Logistic Regression,3,5,0.029861339616503946,0.006,0.023861339616503947,0.5756138196255524,0.6663215459357877,1.0251587902765424,-0.35003089057448
2023-12-04,Logistic Regression,3,5,0.003197309062398501,0.006,-0.002802690937601499,0.5458212187105222,0.6644540525774648,1.0251587902765424,-0.3518525531071879
2023-12-11,Logistic Regression,3,5,-0.03464046524399798,0.006,-0.040640465243997975,0.5505778763514118,0.6374503307474567,1.0251587902765424,-0.3781935668956212
2023-12-18,Logistic Regression,3,5,-0.023435372346564943,0.006,-0.029435372346564945,0.5375634363296312,0.6186867429094643,1.0251587902765424,-0.39649667078153805
2023-12-25,Logistic Regression,3,5,-0.006843899129222253,0.006,-0.012843899129222253,0.5448184760968737,0.6107403927909482,1.0251587902765424,-0.4042480066661698
2024-01-02,Logistic Regression,3,5,-0.03170822579289674,0.006,-0.03770822579289674,0.5469330105354475,0.5877104561587446,1.0251587902765424,-0.42671275734737024
2024-01-09,Logistic Regression,3,5,0.05721367756655445,0.006,0.05121367756655445,0.5384134630763828,0.6178092699629512,1.0251587902765424,-0.3973526093491394
2024-01-16,Logistic Regression,3,5,-0.006705542911310336,0.006,-0.012705542911310336,0.5640388658790817,0.6099596677724316,1.0251587902765424,-0.405009571631443
2024-01-23,Logistic Regression,3,5,0.04021936207455725,0.006,0.03421936207455725,0.5622118519349619,0.630832098494813,1.0251587902765424,-0.3846493787322035
2024-01-30,Logistic Regression,3,5,0.036371189690579994,0.006,0.030371189690579996,0.5550498105997106,0.6499912198211056,1.0251587902765424,-0.3659604482874631
2024-02-15,Logistic Regression,3,5,0.03746226399034382,0.006,0.031462263990343825,0.5553865766809187,0.6704414151705229,1.0251587902765424,-0.3460121285311639
2024-02-22,Logistic Regression,3,5,0.031302069416321944,0.006,0.025302069416321946,0.556567429549699,0.6874049703967446,1.0251587902765424,-0.3294648820098268
2024-03-01,Logistic Regression,3,5,-0.049819751228316944,0.006,-0.05581975122831694,0.5531149670677997,0.6490341959560898,1.0251587902765424,-0.36689398548588836
2024-03-08,Logistic Regression,3,5,-0.04816934777468658,0.006,-0.05416934777468658,0.5839042445854892,0.6138764368776802,1.0251587902765424,-0.40118892536434914
2024-03-15,Logistic Regression,3,5,-0.002563387414293028,0.006,-0.008563387414293029,0.5993951569942718,0.6086195751241908,1.0251587902765424,-0.40631677658442333
2024-03-22,Logistic Regression,3,5,-0.04194450777309897,0.006,-0.04794450777309897,0.5594590111609048,0.5794396091737889,1.0251587902765424,-0.4347806265042299
2024-03-29,Logistic Regression,3,5,0.013073011269638446,0.006,0.007073011269638446,0.6056377578201018,0.58353799205955,1.0251587902765424,-0.4307828235056763
2024-04-09,Logistic Regression,3,5,-0.11397271913965254,0.006,-0.11997271913965254,0.5713086188096722,0.5135293524308728,1.0251587902765424,-0.4990733559506958
2024-04-16,Logistic Regression,3,5,-0.00028106798487661513,0.006,-0.006281067984876616,0.6299935051358625,0.5103038396560249,1.0251587902765424,-0.5022197102574055
2024-04-23,Logistic Regression,3,5,0.14928164975563624,0.006,0.14328164975563623,0.6285023699223731,0.5834210156785757,1.0251587902765424,-0.4308969291272481
2024-04-30,Logistic Regression,3,5,0.010601661601486123,0.006,0.004601661601486123,0.6188744581053877,0.5861057217639238,1.0251587902765424,-0.4282781093787251
2024-05-08,Logistic Regression,3,5,0.030114690087886475,0.006,0.024114690087886477,0.6156198161113886,0.600239479602998,1.0251587902765424,-0.41449121316993254
2024-05-15,Logistic Regression,3,5,0.05976638405872925,0.006,0.05376638405872925,0.5796056460154425,0.6325121859905445,1.0251587902765424,-0.3830105228674665
2024-05-22,Logistic Regression,3,5,0.044423604573160434,0.006,0.038423604573160436,0.6010180526479119,0.6568155841127505,1.0251587902765424,-0.3593035631723249
2024-05-29,Logistic Regression,3,5,-0.01044089260275971,0.006,-0.01644089260275971,0.5716695271906532,0.6460169496345339,1.0251587902765424,-0.3698371844811795
2024-06-05,Logistic Regression,3,5,0.10139098679687061,0.006,0.09539098679687061,0.5614832649450326,0.7076411439476763,1.0251587902765424,-0.309725331666145
2024-06-13,Logistic Regression,3,5,0.10353500560909504,0.006,0.09753500560909503,0.5734282849118376,0.7766609268918394,1.0251587902765424,-0.24239938801838623
2024-06-20,Logistic Regression,3,5,-0.03751056885273174,0.006,-0.04351056885273174,0.551458670582208,0.7428679681570856,1.0251587902765424,-0.27536302160888393
2024-06-21,Logistic Regression,4,5,0.006822294622588964,0.006,0.0008222946225889642,0.5789968430711538,0.7434788244925946,1.0251587902765424,-0.2747671565182239
2024-06-28,Logistic Regression,4,5,0.1663869311160607,0.006,0.1603869311160607,0.5619469312874132,0.8627231115027381,1.0251587902765424,-0.15844928640760758
2024-07-05,Logistic Regression,4,5,-0.057161947330457805,0.006,-0.06316194733045781,0.5611511971020515,0.8082318397732334,1.0251587902765424,-0.21160326825543951
2024-07-12,Logistic Regression,4,5,-0.04300224794694822,0.006,-0.04900224794694822,0.5746599895916523,0.7686266627620474,1.0251587902765424,-0.25023648038494994
2024-07-19,Logistic Regression,4,5,-0.03204070458182329,0.006,-0.038040704581823286,0.5597419809035591,0.7393875629502036,1.0251587902765424,-0.2787580129408542
2024-07-30,Logistic Regression,4,5,-0.1304870508806794,0.006,-0.13648705088067942,0.6214270628448867,0.6384707350252775,1.0251587902765424,-0.3771982047258783
2024-08-06,Logistic Regression,4,5,0.14922644484693656,0.006,0.14322644484693656,0.7746639939312433,0.7299166285417584,1.0251587902765424,-0.2879965177444762
2024-08-13,Logistic Regression,4,5,0.12450470308015041,0.006,0.1185047030801504,0.6524838034419336,0.816415181880364,1.0251587902765424,-0.20362075648775213
2024-08-20,Logistic Regression,4,5,0.014394278524383597,0.006,0.008394278524383597,0.697654145207309,0.823268398308603,1.0251587902765424,-0.19693572730667253
2024-08-27,Logistic Regression,4,5,-0.029681697020293087,0.006,-0.035681697020293085,0.6445804632542453,0.7938927847537735,1.0251587902765424,-0.22559042337273782
2024-09-03,Logistic Regression,4,5,-0.0716433024498901,0.006,-0.07764330244989011,0.6366770147002042,0.7322523271543506,1.0251587902765424,-0.2857181403508998
2024-09-10,Logistic Regression,4,5,0.05016336025114336,0.006,0.04416336025114336,0.6688592799805332,0.7645910504732063,1.0251587902765424,-0.25417305326235995
2024-09-18,Logistic Regression,4,5,0.047404636971194236,0.006,0.04140463697119424,0.634650047559022,0.7962486653494735,1.0251587902765424,-0.22329235928935376
2024-09-25,Logistic Regression,4,5,-0.009447540727814641,0.006,-0.015447540727814641,0.6468952260000715,0.7839485816620194,1.0251587902765424,-0.23529058220283627
2024-10-04,Logistic Regression,4,5,0.12480587058052033,0.006,0.11880587058052032,0.6120925649291158,0.8770862753967398,1.0251587902765424,-0.14443861408032144
2024-10-14,Logistic Regression,4,5,-0.0007663426992270183,0.006,-0.006766342699227018,0.6142739865623134,0.8711516090806168,1.0251587902765424,-0.1502276356176796
2024-10-21,Logistic Regression,4,5,0.012911694305189726,0.006,0.006911694305189725,0.6017833712700472,0.8771727426960562,1.0251587902765424,-0.14435426880607072
2024-10-28,Logistic Regression,4,5,0.07791585832537955,0.006,0.07191585832537954,0.6201186498202969,0.9402553733866704,1.0251587902765424,-0.08281977162481224
2024-11-05,Logistic Regression,4,5,-0.04351201307090195,0.006,-0.04951201307090195,0.5934160281396741,0.8937014370495638,1.0251587902765424,-0.1282312110804973
2024-11-12,Logistic Regression,4,5,-0.011873150366690677,0.006,-0.017873150366690675,0.642370543265464,0.8777281768822495,1.0251587902765424,-0.1438124657298434
2024-11-19,Logistic Regression,4,5,-0.00808996910987556,0.006,-0.01408996910987556,0.6173438620056121,0.8653610139831112,1.0251587902765424,-0.15587612163997044
2024-11-26,Logistic Regression,4,5,0.012791367011244503,0.006,0.006791367011244503,0.6048562797049094,0.8712379982262931,1.0251587902765424,-0.15014336657907246
2024-12-03,Logistic Regression,4,5,-0.003931897814961305,0.006,-0.009931897814961305,0.589149205848807,0.8625849514553982,1.0251587902765424,-0.15858405581957613
2024-12-10,Logistic Regression,4,5,-0.02134631160195306,0.006,-0.027346311601953062,0.6105348723595385,0.8389964345897433,1.0251587902765424,-0.1815936784159855
2024-12-17,Logistic Regression,4,5,0.02035549765254032,0.006,0.01435549765254032,0.6033791784069996,0.8510406459369861,1.0251587902765424,-0.1698450483876619
2024-12-24,Logistic Regression,4,5,0.0033554180081307727,0.006,-0.0026445819918692274,0.5875596988769785,0.8487899991703924,1.0251587902765424,-0.17204046122315697
2024-12-31,Logistic Regression,4,5,0.015611504609519789,0.006,0.009611504609519789,0.6161740793791177,0.8569481481599329,1.0251587902765424,-0.1640825242997075
2025-01-08,Logistic Regression,4,5,-0.07695096101752605,0.006,-0.08295096101752605,0.5925341180351325,0.7858634757278772,1.0251587902765424,-0.2334226822403912
2025-01-15,Logistic Regression,4,5,0.06919456214321149,0.006,0.06319456214321148,0.6461156640844663,0.8355257739808427,1.0251587902765424,-0.1849791642956553
2025-01-22,Logistic Regression,4,5,-0.06365297607321323,0.006,-0.06965297607321323,0.6155480025577151,0.7773289172372021,1.0251587902765424,-0.24174779106414024
2025-02-07,Logistic Regression,4,5,-0.035273083730481526,0.006,-0.041273083730481525,0.6271398921651585,0.7452461557499465,1.0251587902765424,-0.27304319797237264
2025-02-14,Logistic Regression,4,5,0.05891049956076273,0.006,0.052910499560762735,0.6109993007234393,0.7846775021464142,1.0251587902765424,-0.23457955041799627
2025-02-21,Logistic Regression,4,5,-0.08911907205069729,0.006,-0.09511907205069729,0.6097604666704006,0.7100397062831882,1.0251587902765424,-0.307385633310864
2025-03-03,Logistic Regression,4,5,0.007336987805771744,0.006,0.001336987805771744,0.6512701679612622,0.7109890207121027,1.0251587902765424,-0.3064596163484983
2025-03-10,Logistic Regression,4,5,0.0600678717366077,0.006,0.0540678717366077,0.6450330160553691,0.7494306838901009,1.0251587902765424,-0.26896136384107117
2025-03-17,Logistic Regression,4,5,-0.03773312688006867,0.006,-0.04373312688006867,0.6434225886216539,0.7166557367037185,1.0251587902765424,-0.30093196927044197
2025-03-24,Logistic Regression,4,5,-0.12607773679054696,0.006,-0.13207773679054696,0.6720762455487302,0.6220014689419292,1.0251587902765424,-0.3932632926318266
2025-03-31,Logistic Regression,4,5,-0.2208110828062871,0.006,-0.22681108280628712,0.7468953677363821,0.4809246422641091,1.0251587902765424,-0.5308779022083234
2025-04-09,Logistic Regression,4,5,0.1453212075599717,0.006,0.13932120755997168,0.8698820178248028,0.5479276441696922,1.0251587902765424,-0.4655192450509198
2025-04-16,Logistic Regression,4,5,-0.015838439113937564,0.006,-0.021838439113937562,0.768476112131987,0.5359617596736491,1.0251587902765424,-0.47719147047544663
2025-04-23,Logistic Regression,4,5,0.07265863195366448,0.006,0.06665863195366448,0.8177559202647714,0.5716882373529732,1.0251587902765424,-0.442341769123633
2025-04-30,Logistic Regression,4,5,0.04057070443797874,0.006,0.034570704437978744,0.7261327310066328,0.5914519024371719,1.0251587902765424,-0.4230631312466
2025-05-08,Logistic Regression,4,5,0.11592423607030566,0.006,0.10992423607030566,0.7310803871419463,0.6564668009849071,1.0251587902765424,-0.35964378668808816
2025-05-15,Logistic Regression,4,5,-0.029113278672010613,0.006,-0.03511327867201061,0.6531791060163155,0.6334160992630007,1.0251587902765424,-0.38212879285546286
2025-05-22,Logistic Regression,4,5,-0.02152176973856479,0.006,-0.027521769738564787,0.6396816981709073,0.6159833672303845,1.0251587902765424,-0.3991337019465838
2025-05-29,Logistic Regression,4,5,-0.005965962609655695,0.006,-0.011965962609655694,0.5932735245224278,0.6086125332899359,1.0251587902765424,-0.40632364560249323
2025-06-06,Logistic Regression,4,5,0.1082563295220759,0.006,0.10225632952207589,0.5965349303966032,0.670847017045297,1.0251587902765424,-0.3456164806777571
2025-06-13,Logistic Regression,4,5,0.06443781251896108,0.006,0.05843781251896108,0.5687408250927084,0.7100498492562944,1.0251587902765424,-0.30737573926010575
2025-06-20,Logistic Regression,4,5,0.09585649468280452,0.006,0.08985649468280452,0.5844359172751767,0.7738524397605188,1.0251587902765424,-0.2451389510577502
2025-06-27,Logistic Regression,4,5,0.04329503217564008,0.006,0.037295032175640085,0.5359743225283453,0.8027132914005848,1.0251587902765424,-0.21698638394931158
2025-07-04,Logistic Regression,4,5,-0.016769277383403124,0.006,-0.022769277383403126,0.5738684491716244,0.7844360898093403,1.0251587902765424,-0.2348150381681513
2025-07-11,Logistic Regression,4,5,0.05667929600626449,0.006,0.050679296006264495,0.5326202817365051,0.8241907586027846,1.0251587902765424,-0.19603600298793278
2025-07-14,Logistic Regression,5,5,0.12582990088007845,0.006,0.11982990088007844,0.5257602627696496,0.9229534555124329,1.0251587902765424,-0.0996970769148251
2025-07-21,Logistic Regression,5,5,0.008389171067102552,0.006,0.0023891710671025516,0.5761915483645353,0.9251585492046255,1.0251587902765424,-0.09754609921936219
2025-07-28,Logistic Regression,5,5,-0.01963807339041925,0.006,-0.02563807339041925,0.5624768998937282,0.9014392664223435,1.0251587902765424,-0.12068327855904637
2025-08-05,Logistic Regression,5,5,0.0665529242087854,0.006,0.06055292420878541,0.57541828680838,0.9560240500008388,1.0251587902765424,-0.06743807977011462
2025-08-12,Logistic Regression,5,5,0.0923170322319635,0.006,0.08631703223196349,0.5625160248696112,1.0385452087392935,1.0385452087392935,0.0
2025-08-19,Logistic Regression,5,5,-0.07415961539253832,0.006,-0.08015961539253832,0.5992604728583675,0.9552958242389882,1.0385452087392935,-0.08015961539253835
2025-08-26,Logistic Regression,5,5,0.0060632519518939885,0.006,6.325195189398839e-05,0.5701110204536941,0.9553562485645074,1.0385452087392935,-0.08010143369278111
2025-09-02,Logistic Regression,5,5,0.06518281735627421,0.006,0.05918281735627421,0.5818991516611441,1.011896922933476,1.0385452087392935,-0.02565924485672244
2025-09-09,Logistic Regression,5,5,-0.06608254198392163,0.006,-0.07208254198392164,0.5804817876418487,0.9389568205027227,1.0385452087392935,-0.09589220324598358
2025-09-16,Logistic Regression,5,5,0.05198428947821121,0.006,0.04598428947821121,0.594877216400642,0.9821340827442606,1.0385452087392935,-0.05431744860053922
2025-09-23,Logistic Regression,5,5,0.011869283580626933,0.006,0.005869283580626933,0.5804960591729426,0.9878985061900856,1.0385452087392935,-0.04876696952912496
2025-10-01,Logistic Regression,5,5,0.054637185969197935,0.006,0.04863718596919794,0.5941121187498187,1.0359471095543455,1.0385452087392935,-0.00250167172606941
2025-10-09,Logistic Regression,5,5,-0.10604049687762447,0.006,-0.11204049687762448,0.5696999937229625,0.9198790806609377,1.0385452087392935,-0.11426188006048044
2025-10-17,Logistic Regression,5,5,0.010753228057569796,0.006,0.004753228057569796,0.6333848975143059,0.9242514757167067,1.0385452087392935,-0.11005176477712486
2025-10-27,Logistic Regression,5,5,-0.00601808681947491,0.006,-0.01201808681947491,0.5751480101757109,0.9131437412385155,1.0385452087392935,-0.12074723993287184
2025-11-03,Logistic Regression,5,5,-0.008252714342902579,0.006,-0.01425271434290258,0.6553458959935329,0.9001289643406336,1.0385452087392935,-0.13327897835731728
2025-11-10,Logistic Regression,5,5,0.061977215358906344,0.006,0.055977215358906346,0.621564177817161,0.9505156772283186,1.0385452087392935,-0.08476234907273339
2025-11-17,Logistic Regression,5,5,0.010030905411801006,0.006,0.004030905411801006,0.6388865671158122,0.95434711601566,1.0385452087392935,-0.08107311267252659
2025-11-24,Logistic Regression,5,5,0.06198090901324345,0.006,0.05598090901324345,0.6481920032636055,1.007772335084384,1.0385452087392935,-0.029630750203224365
2025-12-01,Logistic Regression,5,5,0.056528204489340664,0.006,0.050528204489340665,0.5940716326508394,1.058693261710228,1.058693261710228,0.0
2025-12-08,Logistic Regression,5,5,0.04605458457733684,0.006,0.04005458457733684,0.6283099678528271,1.101098780502857,1.101098780502857,0.0
2025-12-15,Logistic Regression,5,5,0.011004716723290819,0.006,0.005004716723290819,0.5865673775238692,1.1066094679836347,1.1066094679836347,0.0
2025-12-22,Logistic Regression,5,5,0.07987402611735277,0.006,0.07387402611735276,0.6074481680708693,1.1883591647231675,1.1883591647231675,0.0
2025-12-30,Logistic Regression,5,5,0.008811279859551768,0.006,0.002811279859551768,0.5964276008142451,1.1916999749088677,1.1916999749088677,0.0
2026-01-07,Logistic Regression,5,5,0.0626109883535424,0.006,0.0566109883535424,0.5635457322558256,1.2591632883093504,1.2591632883093504,0.0
2026-01-14,Logistic Regression,5,5,0.0707366555307926,0.006,0.0647366555307926,0.5679012459577096,1.340677308361653,1.340677308361653,0.0
2026-01-21,Logistic Regression,5,5,0.03996806592676232,0.006,0.03396806592676232,0.6210529066566755,1.3862175235585958,1.3862175235585958,0.0
2026-01-28,Logistic Regression,5,5,0.017299112092958268,0.006,0.011299112092958268,0.6101992412359916,1.4018805507425074,1.4018805507425074,0.0
2026-02-04,Logistic Regression,5,5,-0.014386471466084095,0.006,-0.020386471466084095,0.6533540569945713,1.3733011528959371,1.4018805507425074,-0.020386471466083966
2026-02-11,Logistic Regression,5,5,0.26151708845896493,0.006,0.2555170884589649,0.6454765005897651,1.7242030650612468,1.7242030650612468,0.0
2026-03-02,Logistic Regression,5,5,-0.1769305983816591,0.006,-0.1829305983816591,0.648765590006924,1.4087935666381022,1.7242030650612468,-0.18293059838165915
2026-03-09,Logistic Regression,5,5,0.111804806014702,0.006,0.10580480601470199,0.6700187457510128,1.5578506966710068,1.7242030650612468,-0.09648072884288184
2026-03-16,Logistic Regression,5,5,-0.018331131837704163,0.006,-0.024331131837704162,0.6017107975845869,1.5199464259868452,1.7242030650612468,-0.11846437534731213
2026-03-23,Logistic Regression,5,5,0.03828646654971535,0.006,0.03228646654971535,0.7374564326517168,1.5690201254268288,1.7242030650612468,-0.09000270488958073
2026-03-30,Logistic Regression,5,5,0.01902177206842781,0.006,0.013021772068427811,0.6220687267580391,1.589451547870913,1.7242030650612468,-0.07815292752976699
2026-04-08,Logistic Regression,5,5,0.1688039493998828,0.006,0.1628039493998828,0.6697064570887592,1.8482205372440546,1.8482205372440546,0.0
2026-04-15,Logistic Regression,5,5,0.12829986708972335,0.006,0.12229986708972335,0.6813343718050836,2.0742576633014993,2.0742576633014993,0.0
2026-04-22,Logistic Regression,5,5,-0.027615690684201645,0.006,-0.03361569068420164,0.6263023918705701,2.004530059292621,2.0742576633014993,-0.03361569068420178
2026-04-29,Logistic Regression,5,5,0.0650375775450911,0.006,0.0590375775450911,0.6171395669640268,2.122872658109575,2.122872658109575,0.0
2026-05-07,Logistic Regression,5,5,-0.08097360786824385,0.006,-0.08697360786824386,0.6333847257640386,1.9382387639889362,2.122872658109575,-0.08697360786824382
2026-05-14,Logistic Regression,5,5,0.019963210390350893,0.006,0.013963210390350892,0.6980365857112935,1.9653027996372474,2.122872658109575,-0.07422482826296517
2026-05-21,Logistic Regression,5,5,0.1703888533691939,0.006,0.1643888533691939,0.6556734546591104,2.2883766733928814,2.2883766733928814,0.0
2026-05-28,Logistic Regression,5,5,0.01741181816494297,0.006,0.011411818164942971,0.7586127001303323,2.314491211882538,2.314491211882538,0.0
2026-06-04,Logistic Regression,5,5,-0.127369798413753,0.006,-0.13336979841375302,0.6767590020113781,2.005807985523361,2.314491211882538,-0.13336979841375296
2026-06-11,Logistic Regression,5,5,0.10251382919669658,0.006,0.09651382919669657,0.7594042516317957,2.1993961948395326,2.314491211882538,-0.04972799916115933
2026-06-18,Logistic Regression,5,5,-0.0799359449161243,0.006,-0.0859359449161243,0.6649175746898978,2.0103890045910693,2.314491211882538,-0.13139052148058106
2026-06-26,Logistic Regression,5,5,0.03653789376348937,0.006,0.030537893763489372,0.8145906710036426,2.0717820504365587,2.314491211882538,-0.10486501750359511
2026-07-03,Logistic Regression,5,5,-0.06475697863912089,0.006,-0.0707569786391209,0.64919644544879,1.925189012148905,2.314491211882538,-0.16820206433922302
2026-07-13,Logistic Regression,5,5,-0.1568961778846399,0.006,-0.1628961778846399,0.7753999065083813,1.611583080364343,2.314491211882538,-0.30369876883069713
2026-07-20,Logistic Regression,5,5,0.005648602355494891,0.006,-0.0003513976445051088,0.8851815977195289,1.6110167738659786,2.314491211882538,-0.3039434474431961
2026-07-27,Logistic Regression,5,5,-0.11591289290484814,0.006,-0.12191289290484815,0.8476145945139549,1.4146130584457415,2.314491211882538,-0.3888017153907716
2026-08-03,Logistic Regression,5,5,0.20267715138758796,0.006,0.19667715138758796,0.7813798737397424,1.6928351250965334,2.314491211882538,-0.26859297784084823
2021-04-28,Random Forest,1,5,-0.07353114079044494,0.006,-0.07953114079044495,0.5978840637390874,0.920468859209555,0.920468859209555,0.0
2021-05-06,Random Forest,1,5,-0.10571598371689624,0.006,-0.11171598371689624,0.7980039673798222,0.8176377751221903,0.920468859209555,-0.11171598371689628
2021-05-13,Random Forest,1,5,-0.014454583583141,0.006,-0.020454583583141,0.8126161590057528,0.80091333491022,0.920468859209555,-0.12988546337352724
2021-05-20,Random Forest,1,5,0.1674404204854921,0.006,0.1614404204854921,0.6451405967759188,0.9302131204705636,0.9302131204705636,0.0
2021-05-27,Random Forest,1,5,0.03495939336870957,0.006,0.02895939336870957,0.7496823554617477,0.9571515281430054,0.9571515281430054,0.0
2021-06-03,Random Forest,1,5,0.0377114175162566,0.006,0.0317114175162566,0.7488960310651207,0.9875041598782712,0.9875041598782712,0.0
2021-06-10,Random Forest,1,5,0.03981500693595082,0.006,0.03381500693595082,0.6435446917610668,1.0208966198938352,1.0208966198938352,0.0
2021-06-18,Random Forest,1,5,0.007141497204726943,0.006,0.0011414972047269429,0.6483118948324217,1.0220619705317593,1.0220619705317593,0.0
2021-06-25,Random Forest,1,5,0.019334043971491032,0.006,0.013334043971491032,0.561368974567158,1.0356901897884185,1.0356901897884185,0.0
2021-07-02,Random Forest,1,5,-0.003178601181144236,0.006,-0.009178601181144237,0.5483129876874043,1.0261840025891271,1.0356901897884185,-0.00917860118114422
2021-07-09,Random Forest,1,5,0.01571116768249836,0.006,0.009711167682498361,0.5550963783859023,1.0361494475113675,1.0361494475113675,0.0
2021-07-16,Random Forest,1,5,0.0006691146569913098,0.006,-0.0053308853430086905,0.54185076214157,1.0306258536084625,1.0361494475113675,-0.005330885343008851
2021-07-23,Random Forest,1,5,-0.021637632575169617,0.006,-0.027637632575169616,0.5956386179854546,1.0021417949439613,1.0361494475113675,-0.03282118486776797
2021-07-30,Random Forest,1,5,0.010643297651076234,0.006,0.004643297651076234,0.6421945449545902,1.0067950375864698,1.0361494475113675,-0.028330285747293793
2021-08-06,Random Forest,1,5,-0.055567301157264846,0.006,-0.061567301157264845,0.6269987199137138,0.9448093843037438,1.0361494475113675,-0.08815336767008375
2021-08-13,Random Forest,1,5,-0.05539170623861547,0.006,-0.061391706238615465,0.7726705933594833,0.8868059241310813,1.0361494475113675,-0.1441331882567527
2021-08-20,Random Forest,1,5,0.05676238869111021,0.006,0.05076238869111021,0.7484701483523075,0.9318223111454024,1.0361494475113675,-0.10068734449122074
2021-08-27,Random Forest,1,5,0.03372166025449395,0.006,0.02772166025449395,0.5781427326569498,0.9576539726725325,1.0361494475113675,-0.07575690459263973
2021-09-03,Random Forest,1,5,-0.0458268357455117,0.006,-0.051826835745511696,0.6405302095151038,0.9080217975297964,1.0361494475113675,-0.12365749968724027
2021-09-10,Random Forest,1,5,-0.015306254276294817,0.006,-0.021306254276294817,0.6353988419706887,0.8886752542232083,1.0361494475113675,-0.14232907583202792
2021-09-17,Random Forest,1,5,-0.0024142595417535827,0.006,-0.008414259541753583,0.6570060883769974,0.8811977099858403,1.0361494475113675,-0.14954574158939282
2021-09-28,Random Forest,1,5,-0.05986644207524654,0.006,-0.06586644207524654,0.6953132192453836,0.8231563520642181,1.0361494475113675,-0.20556213773864185
2021-10-05,Random Forest,1,5,0.018983375979976104,0.006,0.012983375979976104,0.7524588314335178,0.8338437004733733,1.0361494475113675,-0.19524765228017427
2021-10-13,Random Forest,1,5,0.10439926773390144,0.006,0.09839926773390144,0.782345658204856,0.9158933100044798,1.0361494475113675,-0.11606061055740546
2021-10-20,Random Forest,1,5,0.022650625137030644,0.006,0.016650625137030646,0.6127908730212741,0.9311435061748786,1.0361494475113675,-0.1013424671399411
2021-10-27,Random Forest,1,5,0.031229671150362303,0.006,0.0252296711503623,0.6359783368116556,0.9546359506294662,1.0361494475113675,-0.07866963310908592
2021-11-03,Random Forest,1,5,0.01994619002390996,0.006,0.01394619002390996,0.6358926301004073,0.9679494850006006,1.0361494475113675,-0.06582058473762653
2021-11-10,Random Forest,1,5,0.011867422677758399,0.006,0.005867422677758399,0.6204696367947447,0.9736288537598178,1.0361494475113675,-0.060339359251420976
2021-11-17,Random Forest,1,5,-0.0039040393981471856,0.006,-0.009904039398147185,0.5542728528186914,0.9639859952330077,1.0361494475113675,-0.06964579525828307
2021-11-24,Random Forest,1,5,-0.01023176484670174,0.006,-0.01623176484670174,0.5858686153696865,0.9483388012428717,1.0361494475113675,-0.08474708593379088
2021-12-01,Random Forest,1,5,0.009020776208543867,0.006,0.0030207762085438673,0.5811880797856122,0.9512035205313053,1.0361494475113675,-0.08198231170617909
2021-12-08,Random Forest,1,5,-0.014869514075830193,0.006,-0.020869514075830195,0.5923781181120628,0.9313523652705981,1.0361494475113675,-0.10114089477388799
2021-12-15,Random Forest,1,5,0.023163337034928767,0.006,0.01716333703492877,0.6244679836374233,0.9473374798140153,1.0361494475113675,-0.08571347300397791
2021-12-22,Random Forest,1,5,0.027145079719140687,0.006,0.02114507971914069,0.5705448264578793,0.9673690063456124,1.0361494475113675,-0.0663808115045108
2021-12-29,Random Forest,1,5,0.014868884783375936,0.006,0.008868884783375936,0.5429507432391087,0.9759484906059006,1.0361494475113675,-0.058100650490195305
2022-01-06,Random Forest,1,5,-0.06852040154871364,0.006,-0.07452040154871364,0.625838386826582,0.9032204171950879,1.0361494475113675,-0.12829136823413811
2022-01-13,Random Forest,1,5,-0.006607253330749652,0.006,-0.012607253330749652,0.7407457881372278,0.8918332885820041,1.0361494475113675,-0.13928121978541153
2022-01-20,Random Forest,1,5,-0.06415960715300376,0.006,-0.07015960715300376,0.6065789042920218,0.8292626154091193,1.0361494475113675,-0.1996689112744795
2022-02-07,Random Forest,1,5,0.03535644236048332,0.006,0.02935644236048332,0.6763938685674733,0.8536068155800807,1.0361494475113675,-0.17617403779900598
2022-02-14,Random Forest,1,5,0.009370392563543484,0.006,0.0033703925635434843,0.6912808213550018,0.8564838056435019,1.0361494475113675,-0.17339742090234966
2022-02-21,Random Forest,1,5,0.0001573087873854684,0.006,-0.005842691212614532,0.5815583904464248,0.851479635238522,1.0361494475113675,-0.1782270045275679
2022-03-01,Random Forest,1,5,-0.06327872545897284,0.006,-0.06927872545897285,0.6099515337831412,0.792490211354926,1.0361494475113675,-0.23515839027050034
2022-03-08,Random Forest,1,5,-0.028921516980047034,0.006,-0.034921516980047036,0.8047455382259464,0.7648152509825739,1.0361494475113675,-0.2618678195317157
2022-03-15,Random Forest,1,5,0.0922571520205635,0.006,0.0862571520205635,0.7878065174512248,0.8307860363542232,1.0361494475113675,-0.1981986398297928
2022-03-22,Random Forest,1,5,-0.010768047190405916,0.006,-0.016768047190405914,0.5810548546981151,0.8168553768915053,1.0361494475113675,-0.21164328287445844
2022-03-29,Random Forest,1,5,-0.0208540508801623,0.006,-0.0268540508801623,0.6725238232418865,0.7949195010387267,1.0361494475113675,-0.2328138542678655
2022-04-07,Random Forest,1,5,-0.036204204147822015,0.006,-0.042204204147822014,0.7000447982590513,0.7613705561358034,1.0361494475113675,-0.26519233498172523
2022-04-14,Random Forest,1,5,-0.001910440757430565,0.006,-0.007910440757430566,0.6386655660435071,0.7553477794570392,1.0361494475113675,-0.27100498748395807
2022-04-21,Random Forest,1,5,-0.0822657977867494,0.006,-0.08826579778674941,0.5869445494422687,0.688676405096814,1.0361494475113675,-0.3353503138462479
2022-04-28,Random Forest,1,5,0.08995367169355233,0.006,0.08395367169355232,0.7831540907381067,0.7464933179134078,1.0361494475113675,-0.2795505323036732
2022-05-06,Random Forest,1,5,0.012534433027343672,0.006,0.006534433027343672,0.6893626181347992,0.7513712285046724,1.0361494475113675,-0.2748428035074263
2022-05-13,Random Forest,1,5,0.05471768357077274,0.006,0.04871768357077274,0.703953108481896,0.7879762942591458,1.0361494475113675,-0.23951482466963236
2022-05-16,Random Forest,2,5,0.06230465823424436,0.006,0.05630465823424436,0.6024932891888699,0.8323430302040934,1.0361494475113675,-0.19669596678044665
2022-05-23,Random Forest,2,5,-0.003306478179945138,0.006,-0.009306478179945139,0.6016574382448441,0.8245968479552696,1.0361494475113675,-0.2041718982374664
2022-05-30,Random Forest,2,5,0.019950821170249666,0.006,0.013950821170249665,0.5634429982463536,0.8361006511186451,1.0361494475113675,-0.19306944270751802
2022-06-07,Random Forest,2,5,0.0037036247534435462,0.006,-0.002296375246556454,0.5617330512433641,0.8341806502797865,1.0361494475113675,-0.19492245806497444
2022-06-14,Random Forest,2,5,-0.03598203607633761,0.006,-0.04198203607633761,0.5610829600676335,0.7991600481255577,1.0361494475113675,-0.22872125247473996
2022-06-21,Random Forest,2,5,0.005369481597102777,0.006,-0.0006305184028972234,0.6718371079629121,0.7986561630083544,1.0361494475113675,-0.22920755791881808
2022-06-28,Random Forest,2,5,-0.1195486774862606,0.006,-0.12554867748626058,0.7416680843229082,0.6983859379764041,1.0361494475113675,-0.3259795296385156
2022-07-05,Random Forest,2,5,-0.04068092481331072,0.006,-0.046680924813310716,0.8075059494235436,0.6657846365150542,1.0361494475113675,-0.3574434285380923
2022-07-12,Random Forest,2,5,0.14567361001800433,0.006,0.13967361001800432,0.8368850338623647,0.7587771801916365,1.0361494475113675,-0.26769523256121597
2022-07-19,Random Forest,2,5,-0.010960187649071428,0.006,-0.01696018764907143,0.7444430574441536,0.745908176831753,1.0361494475113675,-0.2801152588332875
2022-07-26,Random Forest,2,5,-0.011793779291191474,0.006,-0.017793779291191476,0.7630043537147086,0.7326356513617137,1.0361494475113675,-0.2929247290327045
2022-08-02,Random Forest,2,5,-0.01753394810517519,0.006,-0.023533948105175187,0.6841834710898616,0.715393841962566,1.0361494475113675,-0.30956500176610147
2022-08-09,Random Forest,2,5,0.0720562020703864,0.006,0.0660562020703864,0.6092868403397265,0.7626500421471553,1.0361494475113675,-0.26395748800629626
2022-08-16,Random Forest,2,5,0.008770977085560294,0.006,0.002770977085560294,0.5822003599057197,0.7647633279382468,1.0361494475113675,-0.26191793107156336
2022-08-23,Random Forest,2,5,0.010020421298231086,0.006,0.004020421298231085,0.6113681806831173,0.7678379987099958,1.0361494475113675,-0.2589505302018009
2022-08-30,Random Forest,2,5,-0.09518698050199861,0.006,-0.10118698050199862,0.5521864731407282,0.6901427901058338,1.0361494475113675,-0.3339350884532877
2022-09-06,Random Forest,2,5,0.008046148907331619,0.006,0.002046148907331619,0.5789101173479644,0.6915549250217116,1.0361494475113675,-0.3325722204623146
2022-09-14,Random Forest,2,5,-0.04666977673937815,0.006,-0.05266977673937815,0.5863328361988643,0.6551308815178006,1.0361494475113675,-0.36772549260022336
2022-09-21,Random Forest,2,5,-0.0973757204228953,0.006,-0.1033757204228953,0.5994667114836756,0.5874062546696115,1.0361494475113675,-0.43308732530770655
2022-09-28,Random Forest,2,5,0.08017673181587197,0.006,0.07417673181587196,0.7120831733266971,0.6309781308892051,1.0361494475113675,-0.3910355958740376
2022-10-05,Random Forest,2,5,-0.1354483136499573,0.006,-0.1414483136499573,0.7061096535052812,0.5417273383249249,1.0361494475113675,-0.4771725839105061
2022-10-13,Random Forest,2,5,-0.022037160861131343,0.006,-0.028037160861131345,0.7268198501765004,0.5265388417974365,1.0361494475113675,-0.49183118027801687
2022-10-20,Random Forest,2,5,0.015467115111639184,0.006,0.009467115111639184,0.8323498411957262,0.531523645623482,1.0361494475113675,-0.48702028756556315
2022-10-27,Random Forest,2,5,0.08748807362794526,0.006,0.08148807362794526,0.7352186261477963,0.5748364835930422,1.0361494475113675,-0.4452185589890635
2022-11-03,Random Forest,2,5,0.008159308758112526,0.006,0.0021593087581125263,0.7145899653418282,0.5760777330465472,1.0361494475113675,-0.44402061456465036
2022-11-10,Random Forest,2,5,0.07371601806812204,0.006,0.06771601806812204,0.6715901132868236,0.6150874232261699,1.0361494475113675,-0.4063719044550068
2022-11-17,Random Forest,2,5,0.0033263837898150684,0.006,-0.0026736162101849317,0.6806885316148747,0.6134429155207516,1.0361494475113675,-0.4079590381540771
2022-11-24,Random Forest,2,5,0.04801993118288998,0.006,0.042019931182889984,0.6176247903904931,0.639219744615565,1.0361494475113675,-0.38308151767985943
2022-12-01,Random Forest,2,5,0.006774693050655811,0.006,0.000774693050655811,0.6021615053307985,0.6397149437095606,1.0361494475113675,-0.38260359521878495
2022-12-08,Random Forest,2,5,-0.007886819489389763,0.006,-0.013886819489389763,0.5941242928908161,0.6308313377616008,1.0361494475113675,-0.39117726764537986
2022-12-15,Random Forest,2,5,-0.0688177109106964,0.006,-0.0748177109106964,0.5452163325442376,0.5836339810995455,1.0361494475113675,-0.43672799083054814
2022-12-22,Random Forest,2,5,-0.025854671735019007,0.006,-0.031854671735019005,0.5779828969182115,0.5650425122182171,1.0361494475113675,-0.45467083578016565
2022-12-29,Random Forest,2,5,0.04505316516496971,0.006,0.03905316516496971,0.6410575693895577,0.5871092107731045,1.0361494475113675,-0.4333740058606137
2023-01-06,Random Forest,2,5,0.012364971390690016,0.006,0.006364971390690016,0.5765744180528785,0.5908461441028858,1.0361494475113675,-0.42976744761869523
2023-01-13,Random Forest,2,5,0.08026463400232538,0.006,0.07426463400232537,0.5496866527760049,0.6347251167463719,1.0361494475113675,-0.38741933581988575
2023-02-01,Random Forest,2,5,0.08179127988479211,0.006,0.0757912798847921,0.5257130425197871,0.6828317457196036,1.0361494475113675,-0.34099106324899886
2023-02-08,Random Forest,2,5,-0.008797965184197353,0.006,-0.014797965184197353,0.5272356751516638,0.6727272253197801,1.0361494475113675,-0.3507430545511151
2023-02-15,Random Forest,2,5,0.03718779784739159,0.006,0.03118779784739159,0.5262665619077959,0.6937081060294901,1.0361494475113675,-0.3304941601854404
2023-02-22,Random Forest,2,5,0.04318487514770708,0.006,0.03718487514770708,0.5320126729486743,0.719503555341149,1.0361494475113675,-0.3055986691212752
2023-03-03,Random Forest,2,5,0.04074335863559144,0.006,0.03474335863559144,0.5192130924817181,0.7445015254039495,1.0361494475113675,-0.28147283464552375
2023-03-10,Random Forest,2,5,-0.024046714706244376,0.006,-0.030046714706244378,0.5283987245381361,0.7221317004717733,1.0361494475113675,-0.30306221539161615
2023-03-17,Random Forest,2,5,0.02934897392914344,0.006,0.023348973929143438,0.5427459569395993,0.7389927347194968,1.0361494475113675,-0.2867894332285601
2023-03-24,Random Forest,2,5,0.02278640091576296,0.006,0.01678640091576296,0.5200746233616114,0.7513977630383344,1.0361494475113675,-0.2748171947173761
2023-03-31,Random Forest,2,5,0.011481016814775823,0.006,0.005481016814775823,0.5357983872023955,0.7555161868121325,1.0361494475113675,-0.2708424555678356
2023-04-12,Random Forest,2,5,-0.0277238236431675,0.006,-0.0337238236431675,0.5169674936509359,0.7300372921685218,1.0361494475113675,-0.295432436004351
2023-04-19,Random Forest,2,5,-0.03903276444530144,0.006,-0.04503276444530144,0.5615052773694398,0.697161694754011,1.0361494475113675,-0.3271610611495669
2023-04-26,Random Forest,2,5,0.032649783119764055,0.006,0.026649783119764056,0.598845617895382,0.7157409027186126,1.0361494475113675,-0.3092300493546707
2023-05-04,Random Forest,2,5,-0.028947756600435005,0.006,-0.034947756600435004,0.6103972103698643,0.6907273638614269,1.0361494475113675,-0.3333709094567182
2023-05-11,Random Forest,2,5,0.03679098589368435,0.006,0.03079098589368435,0.6006369918228283,0.7119955403784658,1.0361494475113675,-0.3128447425334804
2023-05-18,Random Forest,2,5,0.06646437672048841,0.006,0.06046437672048841,0.5517359130427114,0.7550459069552171,1.0361494475113675,-0.2712963281805605
2023-05-25,Random Forest,2,5,0.06122393688266521,0.006,0.05522393688266521,0.5486759619760783,0.7967425144644268,1.0361494475113675,-0.23105444260183727
2023-06-01,Random Forest,2,5,0.033341378395297806,0.006,0.027341378395297808,0.545222569365331,0.8185265530360197,1.0361494475113675,-0.2100304111516309
2023-06-02,Random Forest,3,5,0.07691284866564367,0.006,0.07091284866564367,0.5570479218419047,0.8765706026202739,1.0361494475113675,-0.15401141724716594
2023-06-09,Random Forest,3,5,-0.003022984478631652,0.006,-0.009022984478631653,0.5323155955349272,0.8686613196784063,1.0361494475113675,-0.16164475909844433
2023-06-16,Random Forest,3,5,-0.025349927168413177,0.006,-0.03134992716841318,0.5180850439263918,0.8414288505724705,1.0361494475113675,-0.18792713484196566
2023-06-27,Random Forest,3,5,0.08123287261840721,0.006,0.0752328726184072,0.5437903433749897,0.9047319601050421,1.0361494475113675,-0.12683256042066615
2023-07-04,Random Forest,3,5,-0.00240016181620204,0.006,-0.00840016181620204,0.556779595230428,0.8971320652398701,1.0361494475113675,-0.13416730820577139
2023-07-11,Random Forest,3,5,-0.04734963558440528,0.006,-0.05334963558440528,0.5588402342233008,0.8492703964882381,1.0361494475113675,-0.18035916679005826
2023-07-18,Random Forest,3,5,0.03910841615135654,0.006,0.03310841615135654,0.5764866823824076,0.8773883942001983,1.0361494475113675,-0.15322215698949881
2023-07-25,Random Forest,3,5,0.004845016085002119,0.006,-0.0011549839149978813,0.5473360370776922,0.8763750247176912,1.0361494475113675,-0.15420017177775258
2023-08-01,Random Forest,3,5,-0.053581677339656866,0.006,-0.059581677339656865,0.5687817459797471,0.8241591307664279,1.0361494475113675,-0.20459434423682776
2023-08-09,Random Forest,3,5,-0.053817763819859234,0.006,-0.05981776381985923,0.59579759046497,0.7748597745322612,1.0361494475113675,-0.2521737318942495
2023-08-16,Random Forest,3,5,0.02480844422931896,0.006,0.01880844422931896,0.6257072892749119,0.7894336813870939,1.0361494475113675,-0.23810828323736277
2023-08-23,Random Forest,3,5,-0.010729186455299878,0.006,-0.016729186455299878,0.6203467239192764,0.7762270981370755,1.0361494475113675,-0.2508541118258334
2023-08-30,Random Forest,3,5,0.03313570097589138,0.006,0.02713570097589138,0.6420225946181022,0.7972905645615072,1.0361494475113675,-0.2305255130170205
2023-09-06,Random Forest,3,5,0.03305176557743894,0.006,0.027051765577438942,0.6029104235217408,0.818858682011129,1.0361494475113675,-0.20970986957733684
2023-09-13,Random Forest,3,5,-0.003447113098780741,0.006,-0.00944711309878074,0.5619686889862774,0.8111228314302513,1.0361494475113675,-0.21717582982028993
2023-09-20,Random Forest,3,5,0.006552601912960388,0.006,0.0005526019129603876,0.573468442285338,0.8115710594585456,1.0361494475113675,-0.2167432396863369
2023-09-27,Random Forest,3,5,0.061900300848227466,0.006,0.05590030084822747,0.561221379207977,0.856938125841993,1.0361494475113675,-0.1729589511433951
2023-10-05,Random Forest,3,5,-0.003159850141289433,0.006,-0.009159850141289432,0.5765363599388001,0.849088701028923,1.0361494475113675,-0.18053452321161645
2023-10-16,Random Forest,3,5,-0.05560027299978765,0.006,-0.061600272999787646,0.5775127029970397,0.7967846052445062,1.0361494475113675,-0.23101382029568207
2023-10-23,Random Forest,3,5,0.02306207355182237,0.006,0.01706207355182237,0.5553162748854206,0.8103794027841477,1.0361494475113675,-0.21789332153723218
2023-10-30,Random Forest,3,5,0.06161461804627257,0.006,0.055614618046272574,0.5735663295632695,0.8554483437425546,1.0361494475113675,-0.17439675734308624
2023-11-06,Random Forest,3,5,0.005714024184737543,0.006,-0.0002859758152624573,0.6139891221532733,0.8552037062050379,1.0361494475113675,-0.17463285990348842
2023-11-13,Random Forest,3,5,0.01649065593630561,0.006,0.01049065593630561,0.5961426731933764,0.8641753540422884,1.0361494475113675,-0.16597421721560335
2023-11-20,Random Forest,3,5,-0.036469083815389734,0.006,-0.04246908381538973,0.5615686077947891,0.8274746185002724,1.0361494475113675,-0.20139452808886993
2023-11-27,Random Forest,3,5,0.054123414165994754,0.006,0.048123414165994756,0.5456694990390772,0.8672955222782095,1.0361494475113675,-0.1629629062088609
2023-12-04,Random Forest,3,5,0.017370842939154186,0.006,0.011370842939154186,0.5382990087809165,0.8771574034438667,1.0361494475113675,-0.15344508888111574
2023-12-11,Random Forest,3,5,0.03463542984032777,0.006,0.02863542984032777,0.5090567951213482,0.9022751827291077,1.0361494475113675,-0.12920362511778605
2023-12-18,Random Forest,3,5,0.020073468413800644,0.006,0.014073468413800643,0.5216598225450892,0.9149733240138019,1.0361494475113675,-0.11694849984102906
2023-12-25,Random Forest,3,5,0.02729359175555208,0.006,0.02129359175555208,0.5196658801804942,0.9344563924425724,1.0361494475113675,-0.09814516169751608
2024-01-02,Random Forest,3,5,0.0016655829858954752,0.006,-0.004334417014104525,0.5408388229126355,0.9304060687562306,1.0361494475113675,-0.10205417665290684
2024-01-09,Random Forest,3,5,0.007379015789330245,0.006,0.0013790157893302452,0.5373276057533698,0.9316891134155342,1.0361494475113675,-0.10081589518454803
2024-01-16,Random Forest,3,5,0.010333907053600867,0.006,0.0043339070536008665,0.5350057407839849,0.9357269674359289,1.0361494475113675,-0.09691891485020254
2024-01-23,Random Forest,3,5,0.003981170684373958,0.006,-0.0020188293156260424,0.5282941516487942,0.9338378944026474,1.0361494475113675,-0.0987420814192903
2024-01-30,Random Forest,3,5,0.07194105680107037,0.006,0.06594105680107036,0.5320100129765193,0.9954161520404443,1.0361494475113675,-0.03931218181774532
2024-02-15,Random Forest,3,5,0.08412958793245547,0.006,0.07812958793245546,0.555943551601554,1.0731876058206746,1.0731876058206746,0.0
2024-02-22,Random Forest,3,5,0.010757066200065491,0.006,0.004757066200065491,0.5866415928601121,1.0782928303066535,1.0782928303066535,0.0
2024-03-01,Random Forest,3,5,-0.06428034040883579,0.006,-0.0702803404088358,0.545469775037057,1.0025100431322949,1.0782928303066535,-0.0702803404088358
2024-03-08,Random Forest,3,5,-0.03793405166811181,0.006,-0.04393405166811181,0.5655264595684668,0.9584657150995196,1.0782928303066535,-0.11112669197017333
2024-03-15,Random Forest,3,5,0.03571558708254563,0.006,0.02971558708254563,0.5653778404335965,0.9869470865221938,1.0782928303066535,-0.08471329978006259
2024-03-22,Random Forest,3,5,-0.014409323056155787,0.006,-0.02040932305615579,0.5541623327429269,0.9668041645940305,1.0782928303066535,-0.10339368173385421
2024-03-29,Random Forest,3,5,0.03549208233042185,0.006,0.029492082330421852,0.5722529263502665,0.9953172326136324,1.0782928303066535,-0.07695089437757263
2024-04-09,Random Forest,3,5,-0.0972628428352759,0.006,-0.10326284283527591,0.5924410919322595,0.8925379456510091,1.0782928303066535,-0.1722675691007033
2024-04-16,Random Forest,3,5,0.0013390998314053437,0.006,-0.004660900168594656,0.6266972597798696,0.8883779153896472,1.0782928303066535,-0.17612554732743313
2024-04-23,Random Forest,3,5,0.10924654431149494,0.006,0.10324654431149494,0.6218049407306598,0.9800998651962779,1.0782928303066535,-0.09106335714246627
2024-04-30,Random Forest,3,5,-0.002042031256400145,0.006,-0.008042031256400146,0.622262375312857,0.9722178714459758,1.0782928303066535,-0.09837305403441399
2024-05-08,Random Forest,3,5,0.01615983054114445,0.006,0.010159830541144449,0.6105631822429247,0.9820954402689392,1.0782928303066535,-0.08921267705207392
2024-05-15,Random Forest,3,5,0.06972097451746921,0.006,0.0637209745174692,0.6117932630283053,1.044675518792039,1.0782928303066535,-0.031176421255675213
2024-05-22,Random Forest,3,5,0.03371358913683213,0.006,0.027713589136832133,0.5889038312114677,1.0736272269011484,1.0782928303066535,-0.00432684264827965
2024-05-29,Random Forest,3,5,-0.01867586389754765,0.006,-0.024675863897547654,0.5750566848147293,1.0471345475734342,1.0782928303066535,-0.028895937965532248
2024-06-05,Random Forest,3,5,0.10033675064756883,0.006,0.09433675064756883,0.5383696316893392,1.145917818282324,1.145917818282324,0.0
2024-06-13,Random Forest,3,5,0.02249941112956384,0.006,0.016499411129563837,0.5235066998352427,1.1648247874868567,1.1648247874868567,0.0
2024-06-20,Random Forest,3,5,0.04326059205693089,0.006,0.03726059205693089,0.5396202995357864,1.2082268487112058,1.2082268487112058,0.0
2024-06-21,Random Forest,4,5,0.03447162659493164,0.006,0.02847162659493164,0.5693504635689484,1.2426270323896822,1.2426270323896822,0.0
2024-06-28,Random Forest,4,5,0.1113586774657775,0.006,0.1053586774657775,0.5369675880986212,1.373548573105483,1.373548573105483,0.0
2024-07-05,Random Forest,4,5,-0.03333062065749075,0.006,-0.039330620657490746,0.5808546523652263,1.3195260552220336,1.373548573105483,-0.03933062065749071
2024-07-12,Random Forest,4,5,-0.0192160768578973,0.006,-0.0252160768578973,0.5605410703417719,1.2862527847975567,1.373548573105483,-0.06355493356202002
2024-07-19,Random Forest,4,5,-0.050988145700615474,0.006,-0.05698814570061547,0.557595587609877,1.2129516236896911,1.373548573105483,-0.11692120144881013
2024-07-30,Random Forest,4,5,-0.19645178612902942,0.006,-0.20245178612902942,0.631305872188163,0.9673874009856068,1.373548573105483,-0.2957020815081759
2024-08-06,Random Forest,4,5,0.12490260051199886,0.006,0.11890260051199886,0.745283985455133,1.0824122786653392,1.373548573105483,-0.21195922746431028
2024-08-13,Random Forest,4,5,0.05805320396485865,0.006,0.05205320396485865,0.7523643672144841,1.1387553057807736,1.373548573105483,-0.17093918039888523
2024-08-20,Random Forest,4,5,0.00011040789038800903,0.006,-0.005889592109611991,0.7204356822720058,1.1320485015170683,1.373548573105483,-0.17582201046039636
2024-08-27,Random Forest,4,5,-0.008321620856447364,0.006,-0.014321620856447365,0.6743085547836145,1.1158357320872314,1.373548573105483,-0.1876255751448117
2024-09-03,Random Forest,4,5,-0.07790138181368815,0.006,-0.08390138181368816,0.667565455090849,1.0222155722880244,1.373548573105483,-0.2557849119402621
2024-09-10,Random Forest,4,5,0.08028659755242126,0.006,0.07428659755242126,0.6206215552975228,1.0981524891184027,1.373548573105483,-0.2004997052011287
2024-09-18,Random Forest,4,5,0.04906447444410626,0.006,0.043064474444106264,0.6709404834008815,1.1454438489217738,1.373548573105483,-0.1660696451877074
2024-09-25,Random Forest,4,5,-0.010318086622023447,0.006,-0.01631808662202345,0.6343514250963737,1.1267523969744042,1.373548573105483,-0.17967779295426922
2024-10-04,Random Forest,4,5,0.07902358636444151,0.006,0.0730235863644415,0.6218669414148995,1.209031897946206,1.373548573105483,-0.11977492342139606
2024-10-14,Random Forest,4,5,0.007642070822933711,0.006,0.0016420708229337106,0.5731720663533755,1.2110172139498196,1.373548573105483,-0.11832953150553172
2024-10-21,Random Forest,4,5,-0.010851283034649018,0.006,-0.016851283034649018,0.5703253336975724,1.1906100201177192,1.373548573105483,-0.1331868101134236
2024-10-28,Random Forest,4,5,0.003518062116450804,0.006,-0.002481937883549196,0.6072192339914535,1.1876550000042558,1.373548573105483,-0.1353381866073632
2024-11-05,Random Forest,4,5,-0.030573925415370694,0.006,-0.036573925415370696,0.5935143267731053,1.1442177946149081,1.373548573105483,-0.1669622632799046
2024-11-12,Random Forest,4,5,0.009462849775679372,0.006,0.003462849775679372,0.6134846040531651,1.1481800489483187,1.373548573105483,-0.16407757874017093
2024-11-19,Random Forest,4,5,0.041340764352967005,0.006,0.035340764352967007,0.6114027670459008,1.1887576094929795,1.373548573105483,-0.13453544143306562
2024-11-26,Random Forest,4,5,-0.014195784371310794,0.006,-0.020195784371310796,0.6315977323140138,1.1647497171419043,1.373548573105483,-0.1520141770388952
2024-12-03,Random Forest,4,5,-0.006345894518073369,0.006,-0.012345894518073369,0.6346258977002865,1.1503698399941147,1.373548573105483,-0.16248332056199455
2024-12-10,Random Forest,4,5,-0.05076539230387682,0.006,-0.05676539230387682,0.6216800477731261,1.0850686447323008,1.373548573105483,-0.2100252834313331
2024-12-17,Random Forest,4,5,0.039880552153407314,0.006,0.033880552153407316,0.611331289911786,1.1218313695401805,1.373548573105483,-0.1832605038467553
2024-12-24,Random Forest,4,5,-0.03177037115126637,0.006,-0.03777037115126637,0.6062619858211727,1.0794593823435144,1.373548573105483,-0.2141090577503616
2024-12-31,Random Forest,4,5,-0.020925663162157403,0.006,-0.0269256631621574,0.614986678441889,1.0503942226173024,1.373548573105483,-0.2352696925435659
2025-01-08,Random Forest,4,5,-0.07310967831671247,0.006,-0.07910967831671248,0.609028765041074,0.9672978735603144,1.373548573105483,-0.295767261165485
2025-01-15,Random Forest,4,5,0.07622613924493764,0.006,0.07022613924493763,0.6012279645103629,1.0352274687202931,1.373548573105483,-0.24631171478724856
2025-01-22,Random Forest,4,5,-0.07033974262956817,0.006,-0.07633974262956818,0.6453247832376758,0.9561984701951266,1.373548573105483,-0.3038480845033106
2025-02-07,Random Forest,4,5,-0.00040968681947448624,0.006,-0.006409686819474486,0.6159227066970635,0.9500695374639152,1.373548573105483,-0.30831020026042166
2025-02-14,Random Forest,4,5,0.07248005029794688,0.006,0.06648005029794687,0.6145414251329162,1.0132302081010633,1.373548573105483,-0.2623266275831577
2025-02-21,Random Forest,4,5,-0.09578076393891319,0.006,-0.1017807639389132,0.5767993462396662,0.910102863474553,1.373548573105483,-0.3374075869651384
2025-03-03,Random Forest,4,5,-0.0032481216337032935,0.006,-0.009248121633703293,0.6208500597729488,0.9016861214939588,1.373548573105483,-0.3435353221944537
2025-03-10,Random Forest,4,5,-0.0169873132000673,0.006,-0.0229873132000673,0.6406795429373054,0.8809587802110233,1.373548573105483,-0.35862568134795103
2025-03-17,Random Forest,4,5,0.008759314879128576,0.006,0.002759314879128576,0.6568710012573689,0.8833896228811584,1.373548573105483,-0.3568559276474036
2025-03-24,Random Forest,4,5,-0.12903969517812014,0.006,-0.13503969517812014,0.6772313351938207,0.7640969574837723,1.373548573105483,-0.443705907133513
2025-03-31,Random Forest,4,5,-0.27183211763834636,0.006,-0.27783211763834637,0.6854808940532535,0.5518062817050383,1.373548573105483,-0.598262272984312
2025-04-09,Random Forest,4,5,0.16140399547944742,0.006,0.15540399547944742,0.7774888395354299,0.6375591826126589,1.373548573105483,-0.5358306250712425
2025-04-16,Random Forest,4,5,-0.03461596370970681,0.006,-0.040615963709706805,0.8199965825661814,0.6116641019888728,1.373548573105483,-0.5546833115585061
2025-04-23,Random Forest,4,5,0.04872675353600151,0.006,0.04272675353600151,0.7509502344412133,0.637798523321371,1.373548573105483,-0.5356563751659982
2025-04-30,Random Forest,4,5,0.007776845948714706,0.006,0.0017768459487147057,0.7693271978115721,0.6389317930436308,1.373548573105483,-0.5348313080774003
2025-05-08,Random Forest,4,5,0.0658566791757043,0.006,0.0598566791757043,0.7084790225769229,0.6771761283950009,1.373548573105483,-0.5069878549224073
2025-05-15,Random Forest,4,5,0.021920746721919616,0.006,0.015920746721919614,0.6555826720508253,0.6879572780213078,1.373548573105483,-0.49913873342979664
2025-05-22,Random Forest,4,5,0.01827531276497594,0.006,0.012275312764975939,0.6466997757182951,0.6964021687779609,1.373548573105483,-0.49299050473078543
2025-05-29,Random Forest,4,5,0.0315610432487482,0.006,0.0255610432487482,0.575624408390042,0.7142029347326165,1.373548573105483,-0.4800308130946829
2025-06-06,Random Forest,4,5,0.04928065607094016,0.006,0.043280656070940164,0.5504251407234401,0.7451141063156351,1.373548573105483,-0.45752620554874734
2025-06-13,Random Forest,4,5,0.0018190440796630014,0.006,-0.0041809559203369985,0.5391184439202648,0.7419988170815082,1.373548573105483,-0.459794264571286
2025-06-20,Random Forest,4,5,0.0044931087987375214,0.006,-0.0015068912012624787,0.5515497971367086,0.7408807055927009,1.373548573105483,-0.46060829584087504
2025-06-27,Random Forest,4,5,0.014491674809925525,0.006,0.008491674809925525,0.5512584087604978,0.7471720236175423,1.373548573105483,-0.45602795689398423
2025-07-04,Random Forest,4,5,0.055847076656252395,0.006,0.0498470766562524,0.5443889309198469,0.7844163647542132,1.373548573105483,-0.42891254076242036
2025-07-11,Random Forest,4,5,0.0750787080153128,0.006,0.0690787080153128,0.5427681144126904,0.8386028337775026,1.373548573105483,-0.3894625569145408
2025-07-14,Random Forest,5,5,0.04198636872181858,0.006,0.03598636872181858,0.5260537080289402,0.8687811045649816,1.373548573105483,-0.3674915313691912
2025-07-21,Random Forest,5,5,0.06872660194334017,0.006,0.06272660194334016,0.5440190201652633,0.9232767910869245,1.373548573105483,-0.32781642443159487
2025-07-28,Random Forest,5,5,-0.013692237799490936,0.006,-0.019692237799490937,0.5612485031297423,0.9050954049620898,1.373548573105483,-0.34105322324660003
2025-08-05,Random Forest,5,5,0.13101429412239085,0.006,0.12501429412239085,0.546482808136884,1.018245268126845,1.373548573105483,-0.25867545708654904
2025-08-12,Random Forest,5,5,0.1495430174200259,0.006,0.1435430174200259,0.5686242629125013,1.1644072663874356,1.373548573105483,-0.1522634953092309
2025-08-19,Random Forest,5,5,-0.03401095192202765,0.006,-0.04001095192202765,0.612861723681857,1.1178182232343483,1.373548573105483,-0.18618223984096094
2025-08-26,Random Forest,5,5,-0.0466178702561729,0.006,-0.0526178702561729,0.5688315737525891,1.0590010089942177,1.373548573105483,-0.22900359715717855
2025-09-02,Random Forest,5,5,0.07102428408966437,0.006,0.06502428408966436,0.5484469547007725,1.127861791454299,1.373548573105483,-0.1788701080266175
2025-09-09,Random Forest,5,5,-0.06386695592994655,0.006,-0.06986695592994656,0.5440199590322408,1.0490615213756909,1.373548573105483,-0.23623995400188358
2025-09-16,Random Forest,5,5,0.040541252910052575,0.006,0.034541252910052576,0.61985538923208,1.0852974207037331,1.373548573105483,-0.20985872509046932
2025-09-23,Random Forest,5,5,0.025821425281838485,0.006,0.019821425281838487,0.5595335179368369,1.1068095624367842,1.373548573105483,-0.19419699884775343
2025-10-01,Random Forest,5,5,0.025107913485279763,0.006,0.019107913485279765,0.5383426345105641,1.1279583838005067,1.373548573105483,-0.17879978481555747
2025-10-09,Random Forest,5,5,-0.017106606307280402,0.006,-0.023106606307280404,0.5365976402620269,1.101895093495032,1.373548573105483,-0.19777493488727838
2025-10-17,Random Forest,5,5,0.06109806157918387,0.006,0.05509806157918387,0.6254987974705242,1.162607377210222,1.373548573105483,-0.15357388884933287
2025-10-27,Random Forest,5,5,-0.026899316862721113,0.006,-0.032899316862721115,0.5945750678010726,1.1243583887204458,1.373548573105483,-0.18142072968095935
2025-11-03,Random Forest,5,5,0.0048978971710197826,0.006,-0.0011021028289802176,0.6076463188723487,1.1231192301594493,1.373548573105483,-0.18232288821052256
2025-11-10,Random Forest,5,5,0.058386032907467154,0.006,0.052386032907467156,0.603023410413022,1.1819549911095915,1.373548573105483,-0.13948802812463623
2025-11-17,Random Forest,5,5,-0.05221915766041987,0.006,-0.058219157660419865,0.5931392312677544,1.113142567134662,1.373548573105483,-0.1895863102839268
2025-11-24,Random Forest,5,5,0.08475399243706842,0.006,0.07875399243706842,0.6039072344816317,1.200806988448164,1.373548573105483,-0.1257629966931305
2025-12-01,Random Forest,5,5,0.10989786624074016,0.006,0.10389786624074016,0.6082221164487859,1.3255682723148974,1.373548573105483,-0.03493163746084793
2025-12-08,Random Forest,5,5,0.01820695838858124,0.006,0.012206958388581239,0.5894753213485774,1.341749429056269,1.373548573105483,-0.023151088117196128
2025-12-15,Random Forest,5,5,0.041847367564215275,0.006,0.03584736756421528,0.5588983477372385,1.389847614018725,1.389847614018725,0.0
2025-12-22,Random Forest,5,5,0.11063620884313452,0.006,0.10463620884313451,0.5766749729898824,1.5352759992193206,1.5352759992193206,0.0
2025-12-30,Random Forest,5,5,-0.013738776691274235,0.006,-0.019738776691274235,0.5648857562289338,1.5049715291112575,1.5352759992193206,-0.019738776691274218
2026-01-07,Random Forest,5,5,0.08297037595800001,0.006,0.076970375958,0.5669969380309724,1.6208097535130372,1.6208097535130372,0.0
2026-01-14,Random Forest,5,5,0.008731301800640079,0.006,0.0027313018006400788,0.544344526624337,1.6252366741113025,1.6252366741113025,0.0
2026-01-21,Random Forest,5,5,0.03687189930622488,0.006,0.03087189930622488,0.6216472916366097,1.6754108170632505,1.6754108170632505,0.0
2026-01-28,Random Forest,5,5,0.06582931994859546,0.006,0.059829319948595465,0.5875955020876498,1.7756495068826654,1.7756495068826654,0.0
2026-02-04,Random Forest,5,5,0.016626496963306626,0.006,0.010626496963306626,0.6088879784191599,1.7945184409754509,1.7945184409754509,0.0
2026-02-11,Random Forest,5,5,0.15507920110674034,0.006,0.14907920110674033,0.5928531048379294,2.0620438165273844,2.0620438165273844,0.0
2026-03-02,Random Forest,5,5,-0.13242804598438254,0.006,-0.13842804598438255,0.6248835387258447,1.77659912027132,2.0620438165273844,-0.13842804598438252
2026-03-09,Random Forest,5,5,0.06322731763429754,0.006,0.05722731763429754,0.659764470938892,1.8782691224359003,2.0620438165273844,-0.08912259410712842
2026-03-16,Random Forest,5,5,-0.010663307851034953,0.006,-0.016663307851034953,0.5796234010143888,1.8469709458216577,2.0620438165273844,-0.1043008247360735
2026-03-23,Random Forest,5,5,0.024796813745575387,0.006,0.01879681374557539,0.6284609817213935,1.8816881146837565,2.0620438165273844,-0.08746453416657196
2026-03-30,Random Forest,5,5,0.025059758532644638,0.006,0.01905975853264464,0.6680110882485819,1.9175526357833763,2.0620438165273844,-0.07007182853531246
2026-04-08,Random Forest,5,5,0.11773801100987757,0.006,0.11173801100987757,0.602280623766112,2.131816153312559,2.131816153312559,0.0
2026-04-15,Random Forest,5,5,0.10176672638562093,0.006,0.09576672638562092,0.6202026677771935,2.3359732075712896,2.3359732075712896,0.0
2026-04-22,Random Forest,5,5,-0.056142669977799355,0.006,-0.06214266997779935,0.6149411217781355,2.1908095954562055,2.3359732075712896,-0.06214266997779938
2026-04-29,Random Forest,5,5,0.033583965550968584,0.006,0.027583965550968585,0.5985234171111598,2.251240811866001,2.3359732075712896,-0.03627284569474365
2026-05-07,Random Forest,5,5,0.11404203521224061,0.006,0.10804203521224061,0.6079839800230384,2.4944694509328604,2.4944694509328604,0.0
2026-05-14,Random Forest,5,5,-0.01717506647326268,0.006,-0.02317506647326268,0.6066644127161502,2.4366599555919684,2.4944694509328604,-0.023175066473262618
2026-05-21,Random Forest,5,5,0.0005630147465693014,0.006,-0.005436985253430698,0.6482931472149464,2.4234118713457895,2.4944694509328604,-0.02848604923203102
2026-05-28,Random Forest,5,5,0.004156197264353079,0.006,-0.0018438027356469213,0.6223463860944598,2.418943577907803,2.4944694509328604,-0.030277329312176193
2026-06-04,Random Forest,5,5,-0.09284183002800397,0.006,-0.09884183002800398,0.6410519975260364,2.179850767932908,2.4944694509328604,-0.12612649270260412
2026-06-11,Random Forest,5,5,0.08504017972369182,0.006,0.07904017972369182,0.729567692419547,2.3521465644011528,2.4944694509328604,-0.05705537363004509
2026-06-18,Random Forest,5,5,-0.0659777547980055,0.006,-0.0719777547980055,0.6314927126262457,2.1828443357397154,2.4944694509328604,-0.12492641073499866
2026-06-26,Random Forest,5,5,0.043726031872400165,0.006,0.037726031872400166,0.7050510258935374,2.26519439072232,2.4944694509328604,-0.09191335661569167
2026-07-03,Random Forest,5,5,-0.07678492766085358,0.006,-0.08278492766085359,0.6897829129911288,2.0776704369486017,2.4944694509328604,-0.16708924369804878
2026-07-13,Random Forest,5,5,-0.15868935121123487,0.006,-0.16468935121123487,0.7394892822045287,1.7355002406567737,2.4944694509328604,-0.3042607757702761
2026-07-20,Random Forest,5,5,0.021902570609463167,0.006,0.015902570609463165,0.8381542584084809,1.7630991557765583,2.4944694509328604,-0.2931967336311898
2026-07-27,Random Forest,5,5,-0.10121236682274311,0.006,-0.10721236682274311,0.7693235883817106,1.5740731223425732,2.4944694509328604,-0.3689747846966357
2026-08-03,Random Forest,5,5,0.15194413739446572,0.006,0.1459441373944657,0.7243813931482249,1.8037998663786734,2.4944694509328604,-0.2768803539750292
2021-04-28,XGBoost,1,5,-0.043173093731642354,0.006,-0.04917309373164235,0.6168596744537354,0.9508269062683576,0.9508269062683576,0.0
2021-05-06,XGBoost,1,5,-0.09772879053774755,0.006,-0.10372879053774756,0.8452222347259521,0.8521987812703926,0.9508269062683576,-0.10372879053774764
2021-05-13,XGBoost,1,5,-0.0026293271103090764,0.006,-0.008629327110309077,0.8412427186965943,0.8448448792238037,0.9508269062683576,-0.11146300798374964
2021-05-20,XGBoost,1,5,0.15370685750349775,0.006,0.14770685750349774,0.7578318119049072,0.9696342614118737,0.9696342614118737,0.0
2021-05-27,XGBoost,1,5,0.027765962043065206,0.006,0.021765962043065204,0.8253759741783142,0.9907392839414202,0.9907392839414202,0.0
2021-06-03,XGBoost,1,5,0.025961749849352244,0.006,0.019961749849352242,0.8213210344314575,1.0105161736933852,1.0105161736933852,0.0
2021-06-10,XGBoost,1,5,0.018778732903347063,0.006,0.012778732903347063,0.7015448927879333,1.0234292899715252,1.0234292899715252,0.0
2021-06-18,XGBoost,1,5,0.008655752572741315,0.006,0.0026557525727413153,0.7246531248092651,1.0261472649413859,1.0261472649413859,0.0
2021-06-25,XGBoost,1,5,0.03047367730676962,0.006,0.024473677306769623,0.6212172508239746,1.0512608619727855,1.0512608619727855,0.0
2021-07-02,XGBoost,1,5,1.1490306096662018e-05,0.006,-0.005988509693903338,0.6194076657295227,1.0449653761100404,1.0512608619727855,-0.005988509693903188
2021-07-09,XGBoost,1,5,0.029816739415123104,0.006,0.023816739415123106,0.5924502849578858,1.0698530441706795,1.0698530441706795,0.0
2021-07-16,XGBoost,1,5,0.023113240011244107,0.006,0.017113240011244105,0.6038387775421142,1.0881616960923326,1.0881616960923326,0.0
2021-07-23,XGBoost,1,5,-0.018522160365735996,0.006,-0.024522160365735998,0.6201222181320191,1.0614776204769052,1.0881616960923326,-0.024522160365735957
2021-07-30,XGBoost,1,5,0.023169773514503868,0.006,0.01716977351450387,0.6769885420799255,1.0797029508112082,1.0881616960923326,-0.007773426790798066
2021-08-06,XGBoost,1,5,-0.0690198995204752,0.006,-0.0750198995204752,0.7052008390426636,0.9987037439293908,1.0881616960923326,-0.08221016461449782
2021-08-13,XGBoost,1,5,-0.06114109477363701,0.006,-0.06714109477363701,0.8205316543579102,0.9316496812074414,1.0881616960923326,-0.14383157893439658
2021-08-20,XGBoost,1,5,0.06720745776796182,0.006,0.06120745776796182,0.8197532415390014,0.9886735897244809,1.0881616960923326,-0.09142768645976118
2021-08-27,XGBoost,1,5,0.047253183528839136,0.006,0.04125318352883914,0.6520620226860047,1.0294595227715013,1.0881616960923326,-0.05394618606006352
2021-09-03,XGBoost,1,5,-0.055271204454270764,0.006,-0.06127120445427076,0.6887074112892151,0.9663832978743726,1.0881616960923326,-0.11191204271872002
2021-09-10,XGBoost,1,5,-0.02431359509941764,0.006,-0.03031359509941764,0.6764697194099426,0.9370887458717689,1.0881616960923326,-0.13883318146841372
2021-09-17,XGBoost,1,5,0.016313672048516126,0.006,0.010313672048516126,0.7248969435691833,0.9467535718770457,1.0881616960923326,-0.12995138932301487
2021-09-28,XGBoost,1,5,-0.07171939112194141,0.006,-0.07771939112194141,0.7319622039794922,0.8731724607282385,1.0881616960923326,-0.19757103759132122
2021-10-05,XGBoost,1,5,-0.015898041262574835,0.006,-0.021898041262574837,0.8000059247016906,0.8540516941538675,1.0881616960923326,-0.2151426601204316
2021-10-13,XGBoost,1,5,0.05931913272550569,0.006,0.05331913272550569,0.8352112650871277,0.8995889897889005,1.0881616960923326,-0.17329474744480566
2021-10-20,XGBoost,1,5,0.07041602446356307,0.006,0.06441602446356307,0.6225140690803528,0.9575369361622942,1.0881616960923326,-0.1200416816720542
2021-10-27,XGBoost,1,5,0.0004895020679355433,0.006,-0.0055104979320644565,0.6762365102767944,0.9522604308556964,1.0881616960923326,-0.12489069016550336
2021-11-03,XGBoost,1,5,0.0039228325183162886,0.006,-0.0020771674816837116,0.6797919034957886,0.9502824264546289,1.0881616960923326,-0.12670843876681026
2021-11-10,XGBoost,1,5,0.007755696272795531,0.006,0.0017556962727955311,0.6833375096321106,0.9519508337688585,1.0881616960923326,-0.12517520402768922
2021-11-17,XGBoost,1,5,-0.008030852107621533,0.006,-0.014030852107621533,0.6016583561897277,0.9385941524065206,1.0881616960923326,-0.13744974136005694
2021-11-24,XGBoost,1,5,-0.0068392450075975605,0.006,-0.01283924500759756,0.6353582859039306,0.9265433121210749,1.0881616960923326,-0.1485242354621018
2021-12-01,XGBoost,1,5,0.010741094024132281,0.006,0.004741094024132281,0.6580929040908814,0.9309361410812719,1.0881616960923326,-0.14448730880315774
2021-12-08,XGBoost,1,5,-0.01322743586425328,0.006,-0.01922743586425328,0.6608258008956909,0.9130366261349163,1.0881616960923326,-0.16093662420419974
2021-12-15,XGBoost,1,5,0.038003583941668986,0.006,0.03200358394166899,0.7149481415748596,0.9422570704412434,1.0881616960923326,-0.13408358902453865
2021-12-22,XGBoost,1,5,0.03118797059599987,0.006,0.02518797059599987,0.6495041131973267,0.9659906138253904,1.0881616960923326,-0.11227291192629496
2021-12-29,XGBoost,1,5,0.0067941173437702455,0.006,0.0007941173437702453,0.6072540760040284,0.9667577237257484,1.0881616960923326,-0.11156795244912099
2022-01-06,XGBoost,1,5,-0.0587092953294676,0.006,-0.0647092953294676,0.6434527158737182,0.9041995126691351,1.0881616960923326,-0.16905776419425445
2022-01-13,XGBoost,1,5,-0.002486439996388423,0.006,-0.008486439996388423,0.8046702384948731,0.8965260777601048,1.0881616960923326,-0.17610950561888472
2022-01-20,XGBoost,1,5,-0.03829722239075832,0.006,-0.04429722239075832,0.6858008146286011,0.8568124627144512,1.0881616960923326,-0.21260556607411674
2022-02-07,XGBoost,1,5,0.03449618174329254,0.006,0.02849618174329254,0.7291420817375183,0.8812283463718802,1.0881616960923326,-0.19016783118130798
2022-02-14,XGBoost,1,5,0.007360767192451223,0.006,0.001360767192451223,0.7641829013824463,0.882427492994681,1.0881616960923326,-0.18906583813458788
2022-02-21,XGBoost,1,5,0.0073139727180262515,0.006,0.0013139727180262514,0.668375551700592,0.8835869786461124,1.0881616960923326,-0.18800029276978125
2022-03-01,XGBoost,1,5,-0.06045599428377093,0.006,-0.06645599428377093,0.6568895101547241,0.8248673274439919,1.0881616960923326,-0.24196254067189626
2022-03-08,XGBoost,1,5,-0.05333332252267422,0.006,-0.05933332252267422,0.8537102818489075,0.7759252082663413,1.0881616960923326,-0.28693942173047915
2022-03-15,XGBoost,1,5,0.0922571520205635,0.006,0.0862571520205635,0.8315072655677795,0.8428543069123584,1.0881616960923326,-0.22543284703081423
2022-03-22,XGBoost,1,5,-0.013189353954440052,0.006,-0.019189353954440054,0.6500171661376953,0.8266804772849928,1.0881616960923326,-0.24029629029062294
2022-03-29,XGBoost,1,5,-0.020802801303681638,0.006,-0.026802801303681636,0.7686296463012695,0.8045231247106904,1.0881616960923326,-0.2606584778716332
2022-04-07,XGBoost,1,5,-0.02134586742214071,0.006,-0.027345867422140707,0.764675784111023,0.7825227420043055,1.0881616960923326,-0.2808764131154393
2022-04-14,XGBoost,1,5,-0.002626395830129846,0.006,-0.008626395830129845,0.6975937128067017,0.7757723910856978,1.0881616960923326,-0.2870798578266882
2022-04-21,XGBoost,1,5,-0.09194583079214162,0.006,-0.09794583079214163,0.6557833194732666,0.699788719735203,1.0881616960923326,-0.35690741344030497
2022-04-28,XGBoost,1,5,0.08491250099970474,0.006,0.07891250099970473,0.8475665330886841,0.7550107977808892,1.0881616960923326,-0.30615936906051033
2022-05-06,XGBoost,1,5,0.008915961818614603,0.006,0.002915961818614603,0.7368744969367981,0.7572123804398599,1.0881616960923326,-0.30413615627248747
2022-05-13,XGBoost,1,5,0.05684758003243928,0.006,0.050847580032439284,0.7568736910820008,0.7957147975558296,1.0881616960923326,-0.26875316378687186
2022-05-16,XGBoost,2,5,0.05777282616916794,0.006,0.051772826169167944,0.6381167650222779,0.8369112014499223,1.0881616960923326,-0.23089444844885554
2022-05-23,XGBoost,2,5,-0.002871364552281963,0.006,-0.008871364552281963,0.6274960398674011,0.8294866570839717,1.0881616960923326,-0.2377174641758496
2022-05-30,XGBoost,2,5,-2.1504535421978942e-05,0.006,-0.006021504535421979,0.6148925662040711,0.8244918994162687,1.0881616960923326,-0.24230755192258768
2022-06-07,XGBoost,2,5,-0.06265080886609102,0.006,-0.06865080886609103,0.5936784982681275,0.7678898636178021,1.0881616960923326,-0.2943237513548307
2022-06-14,XGBoost,2,5,-0.05667845507925924,0.006,-0.06267845507925925,0.6169259071350097,0.7197597132952152,1.0881616960923326,-0.3385544484060371
2022-06-21,XGBoost,2,5,-0.0022374755036329574,0.006,-0.008237475503632958,0.6998136639595032,0.7138307102884439,1.0881616960923326,-0.3440030899342794
2022-06-28,XGBoost,2,5,-0.1195486774862606,0.006,-0.12554867748626058,0.7916906237602234,0.6242102086626518,1.0881616960923326,-0.42636263442810407
2022-07-05,XGBoost,2,5,-0.04614586704245314,0.006,-0.05214586704245314,0.8463040471076966,0.5916602261151872,1.0881616960923326,-0.45627545222379917
2022-07-12,XGBoost,2,5,0.15554153172691726,0.006,0.14954153172691725,0.9065162062644958,0.6801380025903465,1.0881616960923326,-0.37496605051182075
2022-07-19,XGBoost,2,5,0.02307561515732972,0.006,0.01707561515732972,0.7730989336967469,0.6917517773764542,1.0881616960923326,-0.36429321133009473
2022-07-26,XGBoost,2,5,-0.006410445181106628,0.006,-0.012410445181106629,0.8147746562957764,0.6831668298643906,1.0881616960923326,-0.37218261558213994
2022-08-02,XGBoost,2,5,0.024978094249700655,0.006,0.018978094249700657,0.7521236777305603,0.6961320343498262,1.0881616960923326,-0.36026783808905727
2022-08-09,XGBoost,2,5,0.0630720487466581,0.006,0.057072048746658104,0.6555084586143494,0.7358617157483497,1.0881616960923326,-0.32375701295967096
2022-08-16,XGBoost,2,5,0.017965183431072784,0.006,0.011965183431072784,0.6480361223220825,0.7446664361571826,1.0881616960923326,-0.31566564157575694
2022-08-23,XGBoost,2,5,0.005164054272100671,0.006,-0.0008359457278993287,0.6582263946533203,0.744043935431167,1.0881616960923326,-0.3162377079591364
2022-08-30,XGBoost,2,5,-0.03151316237335085,0.006,-0.037513162373350846,0.5851927042007447,0.7161324944684306,1.0881616960923326,-0.3418877938452398
2022-09-06,XGBoost,2,5,-0.015349742655742316,0.006,-0.021349742655742316,0.6314168453216553,0.7008432500041148,1.0881616960923326,-0.35593832008524684
2022-09-14,XGBoost,2,5,-0.055479712245528875,0.006,-0.061479712245528874,0.6391073822975158,0.6577556086646407,1.0881616960923326,-0.3955350468347777
2022-09-21,XGBoost,2,5,-0.09741842238263532,0.006,-0.10341842238263532,0.6317762136459351,0.5897315613032135,1.0881616960923326,-0.4580478586767186
2022-09-28,XGBoost,2,5,0.04708677125105809,0.006,0.04108677125105809,0.7667680740356445,0.6139617270620079,1.0881616960923326,-0.43578079501714784
2022-10-05,XGBoost,2,5,-0.12661842743102208,0.006,-0.1326184274310221,0.6892622470855713,0.5325390883162101,1.0881616960923326,-0.5106066587083551
2022-10-13,XGBoost,2,5,-0.00030385197241382665,0.006,-0.006303851972413827,0.7590473532676697,0.5291820407339405,1.0881616960923326,-0.5136917218881427
2022-10-20,XGBoost,2,5,0.0018396068156132594,0.006,-0.00416039318438674,0.8587838649749756,0.5269804353783711,1.0881616960923326,-0.51571495553391
2022-10-27,XGBoost,2,5,0.08773877495207442,0.006,0.08173877495207442,0.7738534092903138,0.57005517058991,1.0881616960923326,-0.476130089271641
2022-11-03,XGBoost,2,5,0.008159308758112526,0.006,0.0021593087581125263,0.7717125177383423,0.571286095712372,1.0881616960923326,-0.4749988923852937
2022-11-10,XGBoost,2,5,0.07478649288974201,0.006,0.068786492889742,0.6965414881706238,0.6105828626730995,1.0881616960923326,-0.43888590742924816
2022-11-17,XGBoost,2,5,0.023392220932486652,0.006,0.01739222093248665,0.7212451457977295,0.6212022547183002,1.0881616960923326,-0.4291268871629259
2022-11-24,XGBoost,2,5,0.040722102026833795,0.006,0.0347221020268338,0.6779381036758423,0.6427717027859282,1.0881616960923326,-0.40930497269462074
2022-12-01,XGBoost,2,5,0.0005279443365284076,0.006,-0.005472055663471593,0.6293187141418457,0.6392544202493792,1.0881616960923326,-0.4125372887641716
2022-12-08,XGBoost,2,5,0.002722772383752048,0.006,-0.003277227616247952,0.6301831126213073,0.6371594380095293,1.0881616960923326,-0.41446253778494957
2022-12-15,XGBoost,2,5,-0.06956822262610285,0.006,-0.07556822262610285,0.5676666617393493,0.5890104317497027,1.0881616960923326,-0.4587105630855398
2022-12-22,XGBoost,2,5,-0.030199042834595423,0.006,-0.03619904283459542,0.6302554607391357,0.5676888179007716,1.0881616960923326,-0.47830472259832035
2022-12-29,XGBoost,2,5,0.08676909681350535,0.006,0.08076909681350534,0.6659020781517029,0.6135405309937434,1.0881616960923326,-0.4361678662307157
2023-01-06,XGBoost,2,5,0.01378597138657196,0.006,0.007785971386571959,0.6148956298828125,0.6183175400125629,1.0881616960923326,-0.4317778853703582
2023-01-13,XGBoost,2,5,0.08684757962186347,0.006,0.08084757962186347,0.5768967509269715,0.6683070165603233,1.0881616960923326,-0.3858385027149346
2023-02-01,XGBoost,2,5,0.049860945682765556,0.006,0.04386094568276556,0.5479479193687439,0.6976195943130868,1.0881616960923326,-0.35890079864206825
2023-02-08,XGBoost,2,5,0.010150807555382557,0.006,0.004150807555382557,0.5786671996116638,0.7005152789959446,1.0881616960923326,-0.356239719233322
2023-02-15,XGBoost,2,5,-0.003557821935802341,0.006,-0.009557821935802341,0.5409161686897278,0.6938198786959924,1.0881616960923326,-0.36239266536623205
2023-02-22,XGBoost,2,5,0.05972684406045929,0.006,0.05372684406045929,0.5763694405555725,0.7310966311247387,1.0881616960923326,-0.3281360355265587
2023-03-03,XGBoost,2,5,0.014283633017118902,0.006,0.008283633017118902,0.5822932004928589,0.7371527673170281,1.0881616960923326,-0.32257056100743386
2023-03-10,XGBoost,2,5,0.006754012800110209,0.006,0.0007540128001102091,0.5690539836883545,0.7377085899392217,1.0881616960923326,-0.32205977053926205
2023-03-17,XGBoost,2,5,0.037850779827810085,0.006,0.03185077982781009,0.5964849710464477,0.7612051838144601,1.0881616960923326,-0.30046684555429304
2023-03-24,XGBoost,2,5,0.02386294210564417,0.006,0.017862942105644167,0.5570967674255372,0.774802547943454,1.0881616960923326,-0.28797112531545077
2023-03-31,XGBoost,2,5,0.0034132026110867296,0.006,-0.0025867973889132706,0.575957465171814,0.7727982907355105,1.0881616960923326,-0.2898129997493156
2023-04-12,XGBoost,2,5,-0.021641040291607138,0.006,-0.02764104029160714,0.5682049989700317,0.7514373420440051,1.0881616960923326,-0.30944330723782043
2023-04-19,XGBoost,2,5,-0.026556561093800602,0.006,-0.032556561093800604,0.6009889960289001,0.7269731263095863,1.0881616960923326,-0.3319254583944652
2023-04-26,XGBoost,2,5,0.033435287331548616,0.006,0.027435287331548618,0.6320743203163147,0.7469178429122041,1.0881616960923326,-0.3135966413866247
2023-05-04,XGBoost,2,5,-0.02684844467181067,0.006,-0.03284844467181067,0.6603621006011963,0.7223827534749143,1.0881616960923326,-0.3361439241345813
2023-05-11,XGBoost,2,5,0.018996064702154668,0.006,0.012996064702154668,0.6346652507781982,0.731770886478795,1.0881616960923326,-0.3275164076197158
2023-05-18,XGBoost,2,5,0.07284294813416763,0.006,0.06684294813416762,0.5910740971565247,0.7806846098897909,1.0881616960923326,-0.2825656217331617
2023-05-25,XGBoost,2,5,0.04270155588796025,0.006,0.03670155588796025,0.5880707383155823,0.8093369497305315,1.0881616960923326,-0.2562346638032573
2023-06-01,XGBoost,2,5,0.0034101094957453395,0.006,-0.0025898905042546607,0.590484356880188,0.807240855649682,1.0881616960923326,-0.258160934584867
2023-06-02,XGBoost,3,5,0.08379986450048489,0.006,0.07779986450048489,0.5722658157348632,0.8700440848384827,1.0881616960923326,-0.20044595581440328
2023-06-09,XGBoost,3,5,0.040268108649061315,0.006,0.03426810864906132,0.5628764510154725,0.8998588500672009,1.0881616960923326,-0.17304675095745503
2023-06-16,XGBoost,3,5,-0.011136708448875288,0.006,-0.017136708448875288,0.5571982502937317,0.8844382313084591,1.0881616960923326,-0.18721800768714725
2023-06-27,XGBoost,3,5,0.08250270145651142,0.006,0.07650270145651142,0.581418263912201,0.9521001452749751,1.0881616960923326,-0.12503798958000856
2023-07-04,XGBoost,3,5,-0.050568996667566826,0.006,-0.056568996667566825,0.5845707654953003,0.8982407953297251,1.0881616960923326,-0.17453371263170459
2023-07-11,XGBoost,3,5,0.00150960065126311,0.006,-0.00449039934873689,0.5977443933486939,0.8942073354473676,1.0881616960923326,-0.1782403859109074
2023-07-18,XGBoost,3,5,0.041957129206332544,0.006,0.035957129206332546,0.5738300800323486,0.9263604641452989,1.0881616960923326,-0.14869226929056
2023-07-25,XGBoost,3,5,0.06988429651558596,0.006,0.06388429651558596,0.6021006941795349,0.985540350717073,1.0881616960923326,-0.09430707379590764
2023-08-01,XGBoost,3,5,-0.01910604322127365,0.006,-0.025106043221273647,0.6108047366142273,0.960797332075661,1.0881616960923326,-0.11704543954638935
2023-08-09,XGBoost,3,5,-0.053817763819859234,0.006,-0.05981776381985923,0.6121686935424805,0.9033245841868082,1.0881616960923326,-0.16986180690727115
2023-08-16,XGBoost,3,5,0.02362468298856706,0.006,0.017624682988567057,0.6698996424674988,0.9192453936188799,1.0881616960923326,-0.1552308844173098
2023-08-23,XGBoost,3,5,0.006430778461639619,0.006,0.0004307784616396186,0.6493074655532837,0.9196413847354122,1.0881616960923326,-0.15486697607725852
2023-08-30,XGBoost,3,5,0.05318298095223199,0.006,0.047182980952231994,0.6547815084457398,0.9630328066742674,1.0881616960923326,-0.11499108070740971
2023-09-06,XGBoost,3,5,0.03305176557743894,0.006,0.027051765577438942,0.6443175435066223,0.9890845444038028,1.0881616960923326,-0.09105002688876396
2023-09-13,XGBoost,3,5,0.019859054836152044,0.006,0.013859054836152044,0.6088982939720153,1.0027923213422856,1.0881616960923326,-0.07845283936809633
2023-09-20,XGBoost,3,5,0.00973654529927892,0.006,0.00373654529927892,0.6343698978424073,1.0065393002767502,1.0881616960923326,-0.07500943665697324
2023-09-27,XGBoost,3,5,0.022663242592592024,0.006,0.016663242592592026,0.5781600713729859,1.0233115088162397,1.0881616960923326,-0.05959609450412995
2023-10-05,XGBoost,3,5,0.0051264667393730035,0.006,-0.0008735332606269967,0.6011207938194275,1.0224176121773063,1.0881616960923326,-0.060417568594004045
2023-10-16,XGBoost,3,5,-0.056065500186256535,0.006,-0.062065500186256534,0.609788453578949,0.9589607516782838,1.0881616960923326,-0.11873322216543625
2023-10-23,XGBoost,3,5,0.0013428600316566675,0.006,-0.004657139968343333,0.5827927708625793,0.9544947372335703,1.0881616960923326,-0.12283740489926276
2023-10-30,XGBoost,3,5,0.0612662169489822,0.006,0.0552662169489822,0.5815600991249085,1.0072460504581824,1.0881616960923326,-0.07435994661889322
2023-11-06,XGBoost,3,5,0.005714024184737543,0.006,-0.0002859758152624573,0.6409745454788208,1.0069580024477327,1.0881616960923326,-0.07462465728779855
2023-11-13,XGBoost,3,5,0.06609009600409506,0.006,0.06009009600409506,0.6233312487602234,1.0674662054869088,1.0881616960923326,-0.019018764104399843
2023-11-20,XGBoost,3,5,-0.009184600296742885,0.006,-0.015184600296742885,0.6042028784751892,1.0512571578263095,1.0881616960923326,-0.03391457207007931
2023-11-27,XGBoost,3,5,0.03405484967065244,0.006,0.028054849670652443,0.5933923363685608,1.080750019354324,1.0881616960923326,-0.006811190620497398
2023-12-04,XGBoost,3,5,-0.007017107786056753,0.006,-0.013017107786056754,0.5555849313735962,1.0666817798626058,1.0881616960923326,-0.019739636404095706
2023-12-11,XGBoost,3,5,0.012169602862636774,0.006,0.006169602862636774,0.5320359349250794,1.0732627828251686,1.0881616960923326,-0.013691819258725091
2023-12-18,XGBoost,3,5,0.018910293941910683,0.006,0.012910293941910683,0.5372153759002686,1.0871189208283547,1.0881616960923326,-0.0009582907280439867
2023-12-25,XGBoost,3,5,-0.02371296959279152,0.006,-0.029712969592791523,0.5561425447463989,1.0548173893900334,1.0881616960923326,-0.03064278665757214
2024-01-02,XGBoost,3,5,-0.017413243820759018,0.006,-0.023413243820759017,0.5977047681808472,1.0301206926658681,1.0881616960923326,-0.05333858344296982
2024-01-09,XGBoost,3,5,0.011345573435717715,0.006,0.005345573435717715,0.5865594744682312,1.035627278476166,1.0881616960923326,-0.048278135322003646
2024-01-16,XGBoost,3,5,0.01764406888489678,0.006,0.01164406888489678,0.5656381487846375,1.0476861938458208,1.0881616960923326,-0.037196220370430466
2024-01-23,XGBoost,3,5,0.01335651137204379,0.006,0.0073565113720437895,0.5452160596847534,1.055393509245181,1.0881616960923326,-0.030113343416538707
2024-01-30,XGBoost,3,5,0.050009199160441865,0.006,0.04400919916044187,0.5242849707603454,1.1018405323861897,1.1018405323861897,0.0
2024-02-15,XGBoost,3,5,0.06722893276307045,0.006,0.06122893276307045,0.5607622385025024,1.1693050522592894,1.1693050522592894,0.0
2024-02-22,XGBoost,3,5,0.010757066200065491,0.006,0.004757066200065491,0.6260773539543152,1.1748675138009579,1.1748675138009579,0.0
2024-03-01,XGBoost,3,5,-0.040122390692054435,0.006,-0.046122390692054434,0.5960747599601746,1.1206798153180273,1.1748675138009579,-0.04612239069205459
2024-03-08,XGBoost,3,5,-0.029133821208741105,0.006,-0.0351338212087411,0.6053858160972595,1.0813060510543988,1.1748675138009579,-0.07963575607250128
2024-03-15,XGBoost,3,5,0.02755304496796236,0.006,0.021553044967962356,0.5721638917922973,1.104611488996904,1.1748675138009579,-0.05979910413622713
2024-03-22,XGBoost,3,5,-0.013566353000973908,0.006,-0.01956635300097391,0.5828223347663879,1.0829982706742594,1.1748675138009579,-0.07819540675652958
2024-03-29,XGBoost,3,5,0.022478342616036807,0.006,0.016478342616036805,0.5940046906471252,1.1008442872310051,1.1748675138009579,-0.06300559484402724
2024-04-09,XGBoost,3,5,-0.0972628428352759,0.006,-0.10326284283527591,0.6241175413131714,0.9871679766125586,1.1748675138009579,-0.15976230084118126
2024-04-16,XGBoost,3,5,-0.02180885445111891,0.006,-0.027808854451118907,0.6540322184562684,0.9597159660321344,1.1748675138009579,-0.1831283487214319
2024-04-23,XGBoost,3,5,0.06065829928013659,0.006,0.054658299280136595,0.6745871663093567,1.0121724085274442,1.1748675138009579,-0.1384795335323885
2024-04-30,XGBoost,3,5,-0.012261021510654025,0.006,-0.018261021510654025,0.6362415313720703,0.993689106402834,1.1748675138009579,-0.1542117773024223
2024-05-08,XGBoost,3,5,0.01851000704884582,0.006,0.012510007048845822,0.6432217121124267,1.0061201641282946,1.1748675138009579,-0.14363096067464498
2024-05-15,XGBoost,3,5,0.07074462691624772,0.006,0.06474462691624772,0.6605364441871643,1.071261038787695,1.1748675138009579,-0.08818566672089934
2024-05-22,XGBoost,3,5,0.07811522863690705,0.006,0.07211522863690704,0.6144908666610718,1.1485152735296804,1.1748675138009579,-0.022429967602067835
2024-05-29,XGBoost,3,5,-0.033786598628846365,0.006,-0.03978659862884636,0.5724697470664978,1.1028197573226552,1.1748675138009579,-0.06132415411267278
2024-06-05,XGBoost,3,5,0.06353125882035973,0.006,0.05753125882035973,0.5573416233062745,1.1662663662133914,1.1748675138009579,-0.007320951074508697
2024-06-13,XGBoost,3,5,0.07526612018759386,0.006,0.06926612018759386,0.5457107663154602,1.2470491125062766,1.2470491125062766,0.0
2024-06-20,XGBoost,3,5,0.022381727694980945,0.006,0.016381727694980946,0.6176397681236268,1.267477931489622,1.267477931489622,0.0
2024-06-21,XGBoost,4,5,0.0606896632461845,0.006,0.0546896632461845,0.6057469367980957,1.33679587273476,1.33679587273476,0.0
2024-06-28,XGBoost,4,5,0.13937061023320174,0.006,0.13337061023320174,0.577125883102417,1.5150851540386203,1.5150851540386203,0.0
2024-07-05,XGBoost,4,5,0.016380299059168026,0.006,0.010380299059168025,0.6034371972084045,1.5308121910376467,1.5308121910376467,0.0
2024-07-12,XGBoost,4,5,-0.033748496475150214,0.006,-0.03974849647515021,0.579110300540924,1.4699647080580698,1.5308121910376467,-0.03974849647515022
2024-07-19,XGBoost,4,5,-0.07821361312154602,0.006,-0.08421361312154603,0.6116843581199646,1.346173668831341,1.5308121910376467,-0.12061474509237491
2024-07-30,XGBoost,4,5,-0.16538861532171564,0.006,-0.17138861532171565,0.666700541973114,1.1154548277477836,1.5308121910376467,-0.2713313662653267
2024-08-06,XGBoost,4,5,0.1134986828545514,0.006,0.1074986828545514,0.7897771239280701,1.235364752514421,1.5308121910376467,-0.1930004479014238
2024-08-13,XGBoost,4,5,0.08606026937993091,0.006,0.08006026937993091,0.796067225933075,1.334268387383197,1.5308121910376467,-0.12839184637092826
2024-08-20,XGBoost,4,5,-0.01830323954662876,0.006,-0.02430323954662876,0.7651453018188477,1.3018413431451292,1.5308121910376467,-0.14957474811937033
2024-08-27,XGBoost,4,5,-0.0012428545706065109,0.006,-0.007242854570606511,0.6904946804046631,1.292412295622726,1.5308121910376467,-0.15573425454191314
2024-09-03,XGBoost,4,5,-0.018858602199400543,0.006,-0.024858602199400545,0.7310096859931946,1.2602847324882267,1.5308121910376467,-0.17672152085883608
2024-09-10,XGBoost,4,5,0.074713490887049,0.006,0.06871349088704899,0.6596564650535583,1.3468832959691435,1.5308121910376467,-0.12015118258486612
2024-09-18,XGBoost,4,5,0.05288791419393006,0.006,0.04688791419393006,0.6873308658599854,1.4100358443797822,1.5308121910376467,-0.0788969067302745
2024-09-25,XGBoost,4,5,0.018111233928011373,0.006,0.012111233928011373,0.662069571018219,1.4271131183379469,1.5308121910376467,-0.06774121169587
2024-10-04,XGBoost,4,5,0.1157269025069533,0.006,0.1097269025069533,0.6619949460029602,1.583705820340209,1.583705820340209,0.0
2024-10-14,XGBoost,4,5,0.005473365171829591,0.006,-0.0005266348281704088,0.62174152135849,1.5828717856976418,1.583705820340209,-0.0005266348281703914
2024-10-21,XGBoost,4,5,0.00769456987348256,0.006,0.0016945698734825597,0.5927574396133423,1.5855540725392705,1.5855540725392705,0.0
2024-10-28,XGBoost,4,5,-0.014777366957654392,0.006,-0.020777366957654392,0.6324871778488159,1.5526104337429187,1.5855540725392705,-0.02077736695765442
2024-11-05,XGBoost,4,5,-0.03299664860285219,0.006,-0.03899664860285219,0.6228846192359925,1.4920638302411242,1.5855540725392705,-0.05896376788236635
2024-11-12,XGBoost,4,5,-0.008010613574269576,0.006,-0.014010613574269576,0.6543115496635437,1.4711591004874713,1.5855540725392705,-0.07214826288995313
2024-11-19,XGBoost,4,5,0.014614255398745658,0.006,0.008614255398745658,0.6406667709350586,1.4838320407112593,1.5855540725392705,-0.0641555110543175
2024-11-26,XGBoost,4,5,-0.02165393758807612,0.006,-0.02765393758807612,0.6587182283401489,1.4427982420662426,1.5855540725392705,-0.09003529614376626
2024-12-03,XGBoost,4,5,-0.006345894518073369,0.006,-0.012345894518073369,0.6703884124755859,1.4249856071588312,1.5855540725392705,-0.10126962439274512
2024-12-10,XGBoost,4,5,-0.04976129573357173,0.006,-0.05576129573357173,0.6506285429000854,1.3455265633019644,1.5855540725392705,-0.15138399465172525
2024-12-17,XGBoost,4,5,0.039880552153407314,0.006,0.033880552153407316,0.6426954150199891,1.3911137462037115,1.5855540725392705,-0.12263241582430684
2024-12-24,XGBoost,4,5,-0.00967466683143563,0.006,-0.015674666831435632,0.640043842792511,1.369308501707338,1.5855540725392705,-0.13638486039496234
2024-12-31,XGBoost,4,5,-0.020925663162157403,0.006,-0.0269256631621574,0.6532477021217347,1.332438962225288,1.5855540725392705,-0.15963827074570713
2025-01-08,XGBoost,4,5,-0.042522211193222546,0.006,-0.048522211193222545,0.6172964572906494,1.2677860774981142,1.5855540725392705,-0.2004144800512856
2025-01-15,XGBoost,4,5,0.05248384647861311,0.006,0.04648384647861311,0.6482539772987366,1.3267176508922596,1.5855540725392705,-0.16324666949546762
2025-01-22,XGBoost,4,5,-0.07033974262956817,0.006,-0.07633974262956818,0.66689133644104,1.225436366881039,1.5855540725392705,-0.22712420339061767
2025-02-07,XGBoost,4,5,0.00032032176868601603,0.006,-0.005679678231313984,0.653114116191864,1.2184762826242044,1.5855540725392705,-0.23151388922812943
2025-02-14,XGBoost,4,5,0.0879527367208028,0.006,0.08195273672080279,0.6344201803207398,1.3183337486146482,1.5855540725392705,-0.16853434931844857
2025-02-21,XGBoost,4,5,-0.07939103202911599,0.006,-0.08539103202911599,0.6052012801170349,1.2057598692616303,1.5855540725392705,-0.23953405932690675
2025-03-03,XGBoost,4,5,0.03184350109524616,0.006,0.025843501095246163,0.6602446913719178,1.2369209257634972,1.5855540725392705,-0.21988095695622423
2025-03-10,XGBoost,4,5,0.02885994986328131,0.006,0.022859949863281312,0.6543659687042236,1.2651968761112944,1.5855540725392705,-0.2020474747448524
2025-03-17,XGBoost,4,5,-0.0036508268918118204,0.006,-0.00965082689181182,0.6768419504165649,1.252986680075883,1.5855540725392705,-0.20974837643397404
2025-03-24,XGBoost,4,5,-0.137419298612922,0.006,-0.143419298612922,0.7215499162673951,1.0732842092480663,1.5855540725392705,-0.32308571001353625
2025-03-31,XGBoost,4,5,-0.27741104629772984,0.006,-0.28341104629772984,0.7276551485061645,0.7691036085302403,1.5855540725392705,-0.5149306971924847
2025-04-09,XGBoost,4,5,0.18248020033394044,0.006,0.17648020033394043,0.848244059085846,0.9048351674412136,1.5855540725392705,-0.4293255694571697
2025-04-16,XGBoost,4,5,-0.02370683890562921,0.006,-0.02970683890562921,0.8564163327217102,0.8779553748858895,1.5855540725392705,-0.4462785028328672
2025-04-23,XGBoost,4,5,0.05410640336979684,0.006,0.048106403369796845,0.847700297832489,0.9201906502908314,1.5855540725392705,-0.41964095313561733
2025-04-30,XGBoost,4,5,0.04235510486310416,0.006,0.036355104863104164,0.8125914216041565,0.9536442778762025,1.5855540725392705,-0.39854193912861147
2025-05-08,XGBoost,4,5,0.09852507684726128,0.006,0.09252507684726127,0.7699976086616516,1.041880287971649,1.5855540725392705,-0.3428919858260815
2025-05-15,XGBoost,4,5,0.025869040146113333,0.006,0.019869040146113334,0.6885462641716004,1.062581449240802,1.5855540725392705,-0.3298358803121272
2025-05-22,XGBoost,4,5,0.03139517748898,0.006,0.02539517748898,0.7049591302871704,1.0895658937407697,1.5855540725392705,-0.3128169435459075
2025-05-29,XGBoost,4,5,0.011905582586004892,0.006,0.005905582586004892,0.589875853061676,1.09600041510915,1.5855540725392705,-0.30875872725431464
2025-06-06,XGBoost,4,5,0.00028771088739831807,0.006,-0.005712289112601682,0.558690345287323,1.0897397438705152,1.5855540725392705,-0.3127072972508007
2025-06-13,XGBoost,4,5,-0.00515235119048707,0.006,-0.01115235119048707,0.5440921187400818,1.0775865835406397,1.5855540725392705,-0.32037222684251887
2025-06-20,XGBoost,4,5,0.01958772835350613,0.006,0.01358772835350613,0.582289171218872,1.0922285373151728,1.5855540725392705,-0.3111376292793566
2025-06-27,XGBoost,4,5,0.014491674809925525,0.006,0.008491674809925525,0.5784581661224365,1.1015033868721738,1.5855540725392705,-0.30528803403840266
2025-07-04,XGBoost,4,5,0.04140149803874427,0.006,0.03540149803874427,0.5718832731246948,1.140498256862199,1.5855540725392705,-0.28069418973792104
2025-07-11,XGBoost,4,5,0.07761064431858138,0.006,0.07161064431858137,0.5584540843963623,1.2221700718803201,1.5855540725392705,-0.22918423720295433
2025-07-14,XGBoost,5,5,0.06898747287343014,0.006,0.06298747287343014,0.5600140333175659,1.2991514761296,1.5855540725392705,-0.18063250025336308
2025-07-21,XGBoost,5,5,0.04852152173802795,0.006,0.04252152173802795,0.5645499229431152,1.3543933738628358,1.5855540725392705,-0.14579174730145283
2025-07-28,XGBoost,5,5,0.014053793329990506,0.006,0.008053793329990505,0.6034628987312317,1.3653013781834356,1.5855540725392705,-0.13891213057344642
2025-08-05,XGBoost,5,5,0.11881039480938835,0.006,0.11281039480938834,0.5741766929626465,1.519321565690111,1.5855540725392705,-0.041772468057861945
2025-08-12,XGBoost,5,5,0.03605161203766114,0.006,0.030051612037661143,0.6094328403472901,1.564979627942682,1.5855540725392705,-0.012976186024131309
2025-08-19,XGBoost,5,5,0.00540927766023469,0.006,-0.0005907223397653098,0.5989894866943359,1.5640551595151786,1.5855540725392705,-0.01355924304092726
2025-08-26,XGBoost,5,5,-0.030889276697202716,0.006,-0.03688927669720272,0.5786291360855103,1.5063582959661355,1.5855540725392705,-0.04994832906978863
2025-09-02,XGBoost,5,5,0.0634998588271862,0.006,0.0574998588271862,0.589154863357544,1.592973685327349,1.592973685327349,0.0
2025-09-09,XGBoost,5,5,-0.05176330965524134,0.006,-0.05776330965524134,0.5764346599578858,1.5009582530691343,1.592973685327349,-0.057763309655241346
2025-09-16,XGBoost,5,5,0.09674312530054308,0.006,0.09074312530054307,0.6695143818855286,1.637159895898271,1.637159895898271,0.0
2025-09-23,XGBoost,5,5,-0.009718982611039761,0.006,-0.01571898261103976,0.5973717570304871,1.6114254079631543,1.637159895898271,-0.015718982611039767
2025-10-01,XGBoost,5,5,0.031163979392520736,0.006,0.025163979392520734,0.5709632277488709,1.6519752837217232,1.6519752837217232,0.0
2025-10-09,XGBoost,5,5,-0.0392618831864638,0.006,-0.0452618831864638,0.5646889925003051,1.5772037714029852,1.6519752837217232,-0.04526188318646385
2025-10-17,XGBoost,5,5,0.02277969567452447,0.006,0.016779695674524468,0.6339067935943603,1.6036687707038397,1.6519752837217232,-0.029241668137463983
2025-10-27,XGBoost,5,5,0.013905745618834887,0.006,0.007905745618834887,0.5857613444328308,1.616346968061894,1.6519752837217232,-0.02156709970839421
2025-11-03,XGBoost,5,5,0.0048978971710197826,0.006,-0.0011021028289802176,0.661195182800293,1.6145655874957794,1.6519752837217232,-0.02264543337577285
2025-11-10,XGBoost,5,5,0.044860789748143046,0.006,0.03886078974814305,0.648784601688385,1.67730888132604,1.67730888132604,0.0
2025-11-17,XGBoost,5,5,-0.020736831831192393,0.006,-0.026736831831192395,0.6003903865814209,1.6324629558370602,1.67730888132604,-0.026736831831192354
2025-11-24,XGBoost,5,5,0.03611594890631409,0.006,0.03011594890631409,0.6310325622558594,1.6816261268064996,1.6816261268064996,0.0
2025-12-01,XGBoost,5,5,0.07807531425916432,0.006,0.07207531425916432,0.6324078917503357,1.8028298583624993,1.8028298583624993,0.0
2025-12-08,XGBoost,5,5,0.04931146396073496,0.006,0.04331146396073496,0.5884312272071839,1.8809130588003038,1.8809130588003038,0.0
2025-12-15,XGBoost,5,5,0.025953912188923733,0.006,0.019953912188923735,0.5807987451553345,1.9184446328106053,1.9184446328106053,0.0
2025-12-22,XGBoost,5,5,0.1154173838325673,0.006,0.1094173838325673,0.6297419548034668,2.128355825560372,2.128355825560372,0.0
2025-12-30,XGBoost,5,5,0.031885634738969305,0.006,0.025885634738969307,0.569595730304718,2.1834496670553856,2.1834496670553856,0.0
2026-01-07,XGBoost,5,5,0.08837595545131438,0.006,0.08237595545131438,0.5800680160522461,2.3633134195589274,2.3633134195589274,0.0
2026-01-14,XGBoost,5,5,0.007106467952981643,0.006,0.0011064679529816431,0.5648416042327881,2.365928350120521,2.365928350120521,0.0
2026-01-21,XGBoost,5,5,0.011288406763360782,0.006,0.0052884067633607815,0.6275057792663574,2.378440341608925,2.378440341608925,0.0
2026-01-28,XGBoost,5,5,0.14735854585161562,0.006,0.1413585458516156,0.5959515810012818,2.7146532096935823,2.7146532096935823,0.0
2026-02-04,XGBoost,5,5,-0.021128107554007403,0.006,-0.0271281075540074,0.629884397983551,2.6410098054491833,2.7146532096935823,-0.027128107554007408
2026-02-11,XGBoost,5,5,0.21793003916109469,0.006,0.21193003916109468,0.6084550738334655,3.200719116942864,3.200719116942864,0.0
2026-03-02,XGBoost,5,5,-0.07212270614870624,0.006,-0.07812270614870624,0.6381668090820313,2.9506702779053904,3.200719116942864,-0.0781227061487062
2026-03-09,XGBoost,5,5,0.056847277596132485,0.006,0.05084727759613249,0.7381635308265686,3.100703828620703,3.200719116942864,-0.031247755478678085
2026-03-16,XGBoost,5,5,0.008243982244197312,0.006,0.002243982244197312,0.6193010449409485,3.1076617529566426,3.200719116942864,-0.02907389264294591
2026-03-23,XGBoost,5,5,0.04759191347884739,0.006,0.041591913478847393,0.7050686717033386,3.2369153517071383,3.2369153517071383,0.0
2026-03-30,XGBoost,5,5,0.015963275338581218,0.006,0.009963275338581217,0.732037091255188,3.2691656306038768,3.2691656306038768,0.0
2026-04-08,XGBoost,5,5,0.08711877123546181,0.006,0.08111877123546181,0.6269477248191834,3.534356329523667,3.534356329523667,0.0
2026-04-15,XGBoost,5,5,0.05137696608973554,0.006,0.04537696608973554,0.63375905752182,3.6947346968375046,3.6947346968375046,0.0
2026-04-22,XGBoost,5,5,-0.06368273416756554,0.006,-0.06968273416756554,0.6509414911270142,3.4372754811380957,3.6947346968375046,-0.06968273416756554
2026-04-29,XGBoost,5,5,0.056755810730192,0.006,0.050755810730192,0.6348766565322876,3.6117371848862705,3.6947346968375046,-0.02246372710394484
2026-05-07,XGBoost,5,5,0.07579107935415727,0.006,0.06979107935415726,0.6288910865783691,3.8638042213630284,3.8638042213630284,0.0
2026-05-14,XGBoost,5,5,-0.0005136462281489784,0.006,-0.0065136462281489785,0.6408995389938354,3.838636767570241,3.8638042213630284,-0.006513646228148984
2026-05-21,XGBoost,5,5,0.1191316861202737,0.006,0.11313168612027369,0.6869521737098694,4.272908217488739,4.272908217488739,0.0
2026-05-28,XGBoost,5,5,0.0562325178874568,0.006,0.0502325178874568,0.6902039766311645,4.487547155955204,4.487547155955204,0.0
2026-06-04,XGBoost,5,5,-0.07717082093105909,0.006,-0.0831708209310591,0.705014169216156,4.11431417502757,4.487547155955204,-0.0831708209310591
2026-06-11,XGBoost,5,5,0.10471710975328766,0.006,0.09871710975328765,0.807220709323883,4.520467379003273,4.520467379003273,0.0
2026-06-18,XGBoost,5,5,-0.07293084315866513,0.006,-0.07893084315866514,0.6665420770645142,4.163663077307303,4.520467379003273,-0.07893084315866528
2026-06-26,XGBoost,5,5,0.03653789376348937,0.006,0.030537893763489372,0.800686514377594,4.290812578029078,4.520467379003273,-0.05080333109821766
2026-07-03,XGBoost,5,5,-0.07678492766085358,0.006,-0.08278492766085359,0.7615174889564514,3.93559796915066,4.520467379003273,-0.1293825086691749
2026-07-13,XGBoost,5,5,-0.16564037081111702,0.006,-0.17164037081111702,0.7824113607406616,3.2600904743621615,4.520467379003273,-0.2788156177158422
2026-07-20,XGBoost,5,5,0.04992527299185372,0.006,0.04392527299185372,0.8725448489189148,3.4032908384266616,4.520467379003273,-0.24713739684654912
2026-07-27,XGBoost,5,5,-0.09395017427449093,0.006,-0.09995017427449093,0.8442418456077576,3.063131326019138,4.520467379003273,-0.32238614523648346
2026-08-03,XGBoost,5,5,0.1388238295544213,0.006,0.1328238295544213,0.7834546089172363,3.469988159169113,4.520467379003273,-0.23238287808765978
